Código,Caja,Anaquel,Nivel,Sede
000000JD,C0001,11,3,PATRIOTISMO
000001JD,C0001,11,3,PATRIOTISMO
000002JD,C0001,11,3,PATRIOTISMO
000003JD,C0001,11,3,PATRIOTISMO
000004JD,C0001,11,3,PATRIOTISMO
000005JD,C0001,11,3,PATRIOTISMO
000006JD,C0001,11,3,PATRIOTISMO
000007JD,C0001,11,3,PATRIOTISMO
000008JD,C0001,11,3,PATRIOTISMO
000009JD,C0001,11,3,PATRIOTISMO
000010JD,C0001,11,3,PATRIOTISMO
000011JD,C0001,11,3,PATRIOTISMO
000012JD,C0001,11,3,PATRIOTISMO
000013JD,C0001,11,3,PATRIOTISMO
000014JD,C0001,11,3,PATRIOTISMO
000015JD,C0001,11,3,PATRIOTISMO
000016JD,C0001,11,3,PATRIOTISMO
000017JD,C0001,11,3,PATRIOTISMO
000018JD,C0001,11,3,PATRIOTISMO
000019JD,C0001,11,3,PATRIOTISMO
021568JD,C0090,2,2,TOLUCA
021569JD,C0091,2,1,TOLUCA
021570JD,C0091,2,1,TOLUCA
021571JD,C0093,2,1,TOLUCA
021572JD,C0091,2,1,TOLUCA
021573JD,C0090,2,2,TOLUCA
021575JD,C0091,2,1,TOLUCA
021576JD,C0025,9,3,TOLUCA
021949JD,C0060,6,1,TOLUCA
022000JD,C0023,10,1,TOLUCA
022001JD,C0088,2,2,TOLUCA
022002JD,C0088,2,2,TOLUCA
022003JD,C0093,2,1,TOLUCA
022004JD,C0049,6,3,TOLUCA
022006JD,C0060,6,1,TOLUCA
022007JD,C0085,2,3,TOLUCA
022009JD,C0048,7,1,TOLUCA
022010JD,C0090,2,2,TOLUCA
022013JD,C0086,2,3,TOLUCA
022015JD,C0079,4,1,TOLUCA
022017JD,C0093,2,1,TOLUCA
022018JD,C0024,10,1,TOLUCA
022019JD,C0049,6,3,TOLUCA
022020JD,C0083,4,1,TOLUCA
022021JD,C0084,4,1,TOLUCA
022023JD,C0085,2,3,TOLUCA
022025JD,C0085,2,3,TOLUCA
022026JD,C0022,10,1,TOLUCA
022037JD,C0043,7,1,TOLUCA
022038JD,C0078,4,2,TOLUCA
022039JD,C0079,4,1,TOLUCA
022040JD,C0043,7,1,TOLUCA
022041JD,C0078,4,2,TOLUCA
022042JD,C0078,4,2,TOLUCA
022043JD,C0093,2,1,TOLUCA
022044JD,C0025,9,3,TOLUCA
022045JD,C0024,10,1,TOLUCA
022046JD,C0085,2,3,TOLUCA
022047JD,C0085,2,3,TOLUCA
022049JD,C0049,6,3,TOLUCA
022050JD,C0041,7,2,TOLUCA
022055JD,C0081,4,1,TOLUCA
022056JD,C0079,4,1,TOLUCA
022057JD,C0079,4,1,TOLUCA
022058JD,C0079,4,1,TOLUCA
022059JD,C0080,4,1,TOLUCA
022060JD,C0080,4,1,TOLUCA
022061JD,C0093,2,1,TOLUCA
022062JD,C0060,6,1,TOLUCA
022064JD,C0033,9,1,TOLUCA
022067JD,C0035,9,1,TOLUCA
022068JD,C0035,9,1,TOLUCA
022069JD,C0035,9,1,TOLUCA
022070JD,C0085,2,3,TOLUCA
022073JD,C0035,9,1,TOLUCA
022074JD,C0093,2,1,TOLUCA
022075JD,C0087,2,3,TOLUCA
022076JD,C0020,10,1,TOLUCA
022077JD,C0036,9,1,TOLUCA
022078JD,C0079,4,1,TOLUCA
022079JD,C0025,9,3,TOLUCA
022090JD,C0023,10,1,TOLUCA
022093JD,C0090,2,2,TOLUCA
022094JD,C0029,9,2,TOLUCA
022096JD,C0029,9,2,TOLUCA
022099JD,C0036,9,1,TOLUCA
022100JD,C0036,9,1,TOLUCA
022103JD,C0049,6,3,TOLUCA
022104JD,C0028,9,2,TOLUCA
022106JD,C0028,9,2,TOLUCA
022107JD,C0050,6,3,TOLUCA
022109JD,C0025,9,3,TOLUCA
022110JD,C0029,9,2,TOLUCA
022111JD,C0036,9,1,TOLUCA
022112JD,C0090,2,2,TOLUCA
022113JD,C0049,6,3,TOLUCA
022114JD,C0090,2,2,TOLUCA
022115JD,C0089,2,2,TOLUCA
022116JD,C0041,7,2,TOLUCA
022119JD,C0089,2,2,TOLUCA
022120JD,C0035,9,1,TOLUCA
022121JD,C0089,2,2,TOLUCA
022122JD,C0043,7,1,TOLUCA
022123JD,C0049,6,3,TOLUCA
022127JD,C0035,9,1,TOLUCA
022128JD,C0089,2,2,TOLUCA
022129JD,C0090,2,2,TOLUCA
022130JD,C0090,2,2,TOLUCA
022131JD,C0078,4,2,TOLUCA
022132JD,C0084,4,1,TOLUCA
022133JD,C0033,9,1,TOLUCA
022134JD,C0023,10,1,TOLUCA
022136JD,C0084,4,1,TOLUCA
022138JD,C0084,4,1,TOLUCA
022141JD,C0084,4,1,TOLUCA
022142JD,C0084,4,1,TOLUCA
022145JD,C0035,9,1,TOLUCA
022146JD,C0081,4,1,TOLUCA
022147JD,C0081,4,1,TOLUCA
022148JD,C0091,2,1,TOLUCA
022149JD,C0049,6,3,TOLUCA
022150JD,C0083,4,1,TOLUCA
022151JD,C0078,4,2,TOLUCA
022153JD,C0024,10,1,TOLUCA
022163JD,C0087,2,3,TOLUCA
022164JD,C0093,2,1,TOLUCA
022165JD,C0049,6,3,TOLUCA
022166JD,C0080,4,1,TOLUCA
022167JD,C0028,9,2,TOLUCA
022168JD,C0085,2,3,TOLUCA
022169JD,C0085,2,3,TOLUCA
022172JD,C0081,4,1,TOLUCA
022173JD,C0086,2,3,TOLUCA
022174JD,C0085,2,3,TOLUCA
022175JD,C0043,7,1,TOLUCA
022176JD,C0043,7,1,TOLUCA
022177JD,C0081,4,1,TOLUCA
022178JD,C0081,4,1,TOLUCA
022179JD,C0080,4,1,TOLUCA
022190JD,C0085,2,3,TOLUCA
022191JD,C0081,4,1,TOLUCA
022192JD,C0079,4,1,TOLUCA
022193JD,C0078,4,2,TOLUCA
022194JD,C0078,4,2,TOLUCA
022195JD,C0090,2,2,TOLUCA
022196JD,C0035,9,1,TOLUCA
022209JD,C0088,2,2,TOLUCA
022210JD,C0088,2,2,TOLUCA
022211JD,C0088,2,2,TOLUCA
022212JD,C0085,2,3,TOLUCA
022213JD,C0036,9,1,TOLUCA
022214JD,C0036,9,1,TOLUCA
022218JD,C0085,2,3,TOLUCA
022219JD,C0030,9,2,TOLUCA
022221JD,C0086,2,3,TOLUCA
022222JD,C0084,4,1,TOLUCA
022225JD,C0024,10,1,TOLUCA
022226JD,C0090,2,2,TOLUCA
022232JD,C0087,2,3,TOLUCA
022234JD,C0029,9,2,TOLUCA
022242JD,C0029,9,2,TOLUCA
022243JD,C0035,9,1,TOLUCA
022244JD,C0043,7,1,TOLUCA
022245JD,C0043,7,1,TOLUCA
022246JD,C0043,7,1,TOLUCA
022247JD,C0044,7,1,TOLUCA
022248JD,C0035,9,1,TOLUCA
022249JD,C0044,7,1,TOLUCA
022250JD,C0026,9,3,TOLUCA
022251JD,C0025,9,3,TOLUCA
022257JD,C0050,6,3,TOLUCA
022259JD,C0049,6,3,TOLUCA
022262JD,C0026,9,3,TOLUCA
022263JD,C0078,4,2,TOLUCA
022264JD,C0084,4,1,TOLUCA
022265JD,C0026,9,3,TOLUCA
022266JD,C0084,4,1,TOLUCA
022267JD,C0084,4,1,TOLUCA
022268JD,C0085,2,3,TOLUCA
022269JD,C0081,4,1,TOLUCA
022288JD,C0041,7,2,TOLUCA
022289JD,C0084,4,1,TOLUCA
022290JD,C0093,2,1,TOLUCA
022291JD,C0054,6,2,TOLUCA
022292JD,C0060,6,1,TOLUCA
022294JD,C0060,6,1,TOLUCA
022316JD,C0035,9,1,TOLUCA
022317JD,C0090,2,2,TOLUCA
022318JD,C0049,6,3,TOLUCA
022319JD,C0091,2,1,TOLUCA
022320JD,C0091,2,1,TOLUCA
022322JD,C0036,9,1,TOLUCA
022323JD,C0085,2,3,TOLUCA
022326JD,C0093,2,1,TOLUCA
022328JD,C0037,7,3,TOLUCA
022337JD,C0054,6,2,TOLUCA
022343JD,C0091,2,1,TOLUCA
022344JD,C0025,9,3,TOLUCA
022349JD,C0049,6,3,TOLUCA
022351JD,C0036,9,1,TOLUCA
022360JD,C0025,9,3,TOLUCA
022369JD,C0090,2,2,TOLUCA
022373JD,C0049,6,3,TOLUCA
022374JD,C0087,2,3,TOLUCA
022378JD,C0025,9,3,TOLUCA
022379JD,C0056,6,1,TOLUCA
022381JD,C0085,2,3,TOLUCA
022382JD,C0090,2,2,TOLUCA
022385JD,C0027,9,3,TOLUCA
022386JD,C0078,4,2,TOLUCA
022389JD,C0089,2,2,TOLUCA
022392JD,C0088,2,2,TOLUCA
022396JD,C0087,2,3,TOLUCA
022397JD,C0086,2,3,TOLUCA
022401JD,C0036,9,1,TOLUCA
022403JD,C0079,4,1,TOLUCA
022405JD,C0029,9,2,TOLUCA
022406JD,C0029,9,2,TOLUCA
022407JD,C0027,9,3,TOLUCA
022408JD,C0091,2,1,TOLUCA
022409JD,C0027,9,3,TOLUCA
022410JD,C0027,9,3,TOLUCA
022411JD,C0029,9,2,TOLUCA
022412JD,C0027,9,3,TOLUCA
022413JD,C0027,9,3,TOLUCA
022417JD,C0027,9,3,TOLUCA
022422JD,C0024,10,1,TOLUCA
022424JD,C0032,9,1,TOLUCA
022426JD,C0078,4,2,TOLUCA
022427JD,C0078,4,2,TOLUCA
022428JD,C0030,9,2,TOLUCA
022429JD,C0078,4,2,TOLUCA
022430JD,C0078,4,2,TOLUCA
025249JD,C0030,9,2,TOLUCA
025251JD,C0035,9,1,TOLUCA
025252JD,C0084,4,1,TOLUCA
025254JD,C0054,6,2,TOLUCA
025255JD,C0085,2,3,TOLUCA
025257JD,C0086,2,3,TOLUCA
025269JD,C0035,9,1,TOLUCA
025274JD,C0032,9,1,TOLUCA
025275JD,C0034,9,1,TOLUCA
025276JD,C0037,7,3,TOLUCA
025278JD,C0037,7,3,TOLUCA
025279JD,C0037,7,3,TOLUCA
025283JD,C0049,6,3,TOLUCA
025285JD,C0049,6,3,TOLUCA
025292JD,C0019,10,1,TOLUCA
025293JD,C0018,10,2,TOLUCA
025302JD,C0054,6,2,TOLUCA
025311JD,C0056,6,1,TOLUCA
025314JD,C0093,2,1,TOLUCA
025318JD,C0037,7,3,TOLUCA
025322JD,C0093,2,1,TOLUCA
025323JD,C0084,4,1,TOLUCA
025325JD,C0018,10,2,TOLUCA
025329JD,C0084,4,1,TOLUCA
025334JD,C0027,9,3,TOLUCA
025338JD,C0027,9,3,TOLUCA
025340JD,C0054,6,2,TOLUCA
025343JD,C0032,9,1,TOLUCA
025344JD,C0054,6,2,TOLUCA
025354JD,C0054,6,2,TOLUCA
025355JD,C0088,2,2,TOLUCA
025358JD,C0054,6,2,TOLUCA
025359JD,C0050,6,3,TOLUCA
025360JD,C0058,6,1,TOLUCA
025361JD,C0091,2,1,TOLUCA
025363JD,C0050,6,3,TOLUCA
025364JD,C0093,2,1,TOLUCA
025366JD,C0033,9,1,TOLUCA
025367JD,C0037,7,3,TOLUCA
025373JD,C0032,9,1,TOLUCA
025375JD,C0085,2,3,TOLUCA
025376JD,C0083,4,1,TOLUCA
025377JD,C0085,2,3,TOLUCA
025378JD,C0032,9,1,TOLUCA
025379JD,C0088,2,2,TOLUCA
025380JD,C0088,2,2,TOLUCA
025381JD,C0088,2,2,TOLUCA
025382JD,C0088,2,2,TOLUCA
025389JD,C0083,4,1,TOLUCA
025390JD,C0032,9,1,TOLUCA
025391JD,C0028,9,2,TOLUCA
025396JD,C0088,2,2,TOLUCA
025397JD,C0028,9,2,TOLUCA
025398JD,C0088,2,2,TOLUCA
025399JD,C0018,10,2,TOLUCA
025402JD,C0031,9,1,TOLUCA
025403JD,C0028,9,2,TOLUCA
025404JD,C0028,9,2,TOLUCA
025408JD,C0028,9,2,TOLUCA
025409JD,C0028,9,2,TOLUCA
025425JD,C0028,9,2,TOLUCA
025427JD,C0033,9,1,TOLUCA
025429JD,C0049,6,3,TOLUCA
025430JD,C0087,2,3,TOLUCA
025433JD,C0049,6,3,TOLUCA
025437JD,C0033,9,1,TOLUCA
025438JD,C0087,2,3,TOLUCA
025445JD,C0093,2,1,TOLUCA
025446JD,C0033,9,1,TOLUCA
025458JD,C0086,2,3,TOLUCA
025460JD,C0049,6,3,TOLUCA
025462JD,C0086,2,3,TOLUCA
025465JD,C0084,4,1,TOLUCA
025469JD,C0056,6,1,TOLUCA
025474JD,C0086,2,3,TOLUCA
025475JD,C0093,2,1,TOLUCA
025485JD,C0048,7,1,TOLUCA
025486JD,C0056,6,1,TOLUCA
025489JD,C0033,9,1,TOLUCA
025490JD,C0029,9,2,TOLUCA
025502JD,C0085,2,3,TOLUCA
025505JD,C0037,7,3,TOLUCA
025509JD,C0037,7,3,TOLUCA
025510JD,C0054,6,2,TOLUCA
025521JD,C0054,6,2,TOLUCA
025530JD,C0037,7,3,TOLUCA
025531JD,C0037,7,3,TOLUCA
025536JD,C0048,7,1,TOLUCA
025538JD,C0088,2,2,TOLUCA
025539JD,C0034,9,1,TOLUCA
025541JD,C0026,9,3,TOLUCA
025542JD,C0048,7,1,TOLUCA
025543JD,C0087,2,3,TOLUCA
025544JD,C0027,9,3,TOLUCA
025547JD,C0083,4,1,TOLUCA
025548JD,C0090,2,2,TOLUCA
025549JD,C0090,2,2,TOLUCA
025550JD,C0030,9,2,TOLUCA
025551JD,C0083,4,1,TOLUCA
025552JD,C0031,9,1,TOLUCA
025554JD,C0026,9,3,TOLUCA
025564JD,C0026,9,3,TOLUCA
025569JD,C0030,9,2,TOLUCA
025585JD,C0048,7,1,TOLUCA
025591JD,C0018,10,2,TOLUCA
025592JD,C0048,7,1,TOLUCA
025597JD,C0017,10,2,TOLUCA
025598JD,C0048,7,1,TOLUCA
025603JD,C0048,7,1,TOLUCA
025605JD,C0056,6,1,TOLUCA
025606JD,C0056,6,1,TOLUCA
025607JD,C0017,10,2,TOLUCA
025608JD,C0033,9,1,TOLUCA
025628JD,C0054,6,2,TOLUCA
025629JD,C0087,2,3,TOLUCA
025631JD,C0087,2,3,TOLUCA
025632JD,C0086,2,3,TOLUCA
025633JD,C0087,2,3,TOLUCA
025634JD,C0055,6,1,TOLUCA
025643JD,C0048,7,1,TOLUCA
025644JD,C0048,7,1,TOLUCA
025659JD,C0083,4,1,TOLUCA
025690JD,C0056,6,1,TOLUCA
025691JD,C0048,7,1,TOLUCA
025697JD,C0050,6,3,TOLUCA
025699JD,C0050,6,3,TOLUCA
025700JD,C0027,9,3,TOLUCA
025702JD,C0018,10,2,TOLUCA
025739JD,C0050,6,3,TOLUCA
025742JD,C0054,6,2,TOLUCA
025762JD,C0048,7,1,TOLUCA
025768JD,C0017,10,2,TOLUCA
025780JD,C0017,10,2,TOLUCA
025783JD,C0017,10,2,TOLUCA
025786JD,C0087,2,3,TOLUCA
025826JD,C0081,4,1,TOLUCA
025827JD,C0034,9,1,TOLUCA
025829JD,C0032,9,1,TOLUCA
025830JD,C0048,7,1,TOLUCA
025831JD,C0034,9,1,TOLUCA
025832JD,C0034,9,1,TOLUCA
025833JD,C0032,9,1,TOLUCA
025835JD,C0054,6,2,TOLUCA
025852JD,C0034,9,1,TOLUCA
025853JD,C0031,9,1,TOLUCA
025854JD,C0034,9,1,TOLUCA
025855JD,C0031,9,1,TOLUCA
025856JD,C0032,9,1,TOLUCA
025857JD,C0034,9,1,TOLUCA
025858JD,C0057,6,1,TOLUCA
025859JD,C0034,9,1,TOLUCA
025860JD,C0030,9,2,TOLUCA
025865JD,C0037,7,3,TOLUCA
025898JD,C0019,10,1,TOLUCA
025899JD,C0058,6,1,TOLUCA
025901JD,C0021,10,1,TOLUCA
025902JD,C0021,10,1,TOLUCA
025903JD,C0048,7,1,TOLUCA
025905JD,C0056,6,1,TOLUCA
025907JD,C0050,6,3,TOLUCA
025911JD,C0087,2,3,TOLUCA
025912JD,C0021,10,1,TOLUCA
025913JD,C0030,9,2,TOLUCA
025914JD,C0034,9,1,TOLUCA
025926JD,C0030,9,2,TOLUCA
025927JD,C0019,10,1,TOLUCA
025928JD,C0021,10,1,TOLUCA
025930JD,C0086,2,3,TOLUCA
025932JD,C0083,4,1,TOLUCA
025937JD,C0058,6,1,TOLUCA
025939JD,C0022,10,1,TOLUCA
025942JD,C0028,9,2,TOLUCA
025951JD,C0030,9,2,TOLUCA
025952JD,C0035,9,1,TOLUCA
025953JD,C0087,2,3,TOLUCA
025954JD,C0047,7,1,TOLUCA
025955JD,C0037,7,3,TOLUCA
025958JD,C0021,10,1,TOLUCA
025960JD,C0033,9,1,TOLUCA
025962JD,C0037,7,3,TOLUCA
025965JD,C0042,7,2,TOLUCA
025966JD,C0042,7,2,TOLUCA
025967JD,C0017,10,2,TOLUCA
025969JD,C0084,4,1,TOLUCA
025975JD,C0047,7,1,TOLUCA
025977JD,C0019,10,1,TOLUCA
025978JD,C0019,10,1,TOLUCA
025979JD,C0056,6,1,TOLUCA
025981JD,C0047,7,1,TOLUCA
025983JD,C0047,7,1,TOLUCA
025985JD,C0093,2,1,TOLUCA
025986JD,C0017,10,2,TOLUCA
025988JD,C0047,7,1,TOLUCA
025989JD,C0035,9,1,TOLUCA
025990JD,C0093,2,1,TOLUCA
025991JD,C0047,7,1,TOLUCA
025992JD,C0049,6,3,TOLUCA
025994JD,C0058,6,1,TOLUCA
026000JD,C0049,6,3,TOLUCA
026006JD,C0045,7,1,TOLUCA
026007JD,C0045,7,1,TOLUCA
026008JD,C0045,7,1,TOLUCA
026009JD,C0045,7,1,TOLUCA
026010JD,C0047,7,1,TOLUCA
026011JD,C0040,7,2,TOLUCA
026012JD,C0044,7,1,TOLUCA
026015JD,C0030,9,2,TOLUCA
026016JD,C0039,7,3,TOLUCA
026017JD,C0030,9,2,TOLUCA
026018JD,C0030,9,2,TOLUCA
026019JD,C0030,9,2,TOLUCA
026020JD,C0030,9,2,TOLUCA
026021JD,C0030,9,2,TOLUCA
026023JD,C0079,4,1,TOLUCA
026024JD,C0078,4,2,TOLUCA
026025JD,C0027,9,3,TOLUCA
026026JD,C0081,4,1,TOLUCA
026028JD,C0078,4,2,TOLUCA
026029JD,C0078,4,2,TOLUCA
026030JD,C0088,2,2,TOLUCA
026031JD,C0087,2,3,TOLUCA
026033JD,C0081,4,1,TOLUCA
026034JD,C0044,7,1,TOLUCA
026035JD,C0030,9,2,TOLUCA
026036JD,C0088,2,2,TOLUCA
026037JD,C0029,9,2,TOLUCA
026038JD,C0087,2,3,TOLUCA
026039JD,C0081,4,1,TOLUCA
026050JD,C0038,7,3,TOLUCA
026051JD,C0047,7,1,TOLUCA
026053JD,C0019,10,1,TOLUCA
026054JD,C0019,10,1,TOLUCA
026056JD,C0019,10,1,TOLUCA
026062JD,C0087,2,3,TOLUCA
026063JD,C0087,2,3,TOLUCA
026064JD,C0043,7,1,TOLUCA
026065JD,C0093,2,1,TOLUCA
026066JD,C0043,7,1,TOLUCA
026067JD,C0043,7,1,TOLUCA
026068JD,C0093,2,1,TOLUCA
026069JD,C0043,7,1,TOLUCA
026070JD,C0043,7,1,TOLUCA
026071JD,C0043,7,1,TOLUCA
026072JD,C0078,4,2,TOLUCA
026073JD,C0078,4,2,TOLUCA
026074JD,C0078,4,2,TOLUCA
026075JD,C0043,7,1,TOLUCA
026076JD,C0043,7,1,TOLUCA
026077JD,C0019,10,1,TOLUCA
026079JD,C0034,9,1,TOLUCA
026080JD,C0019,10,1,TOLUCA
026081JD,C0048,7,1,TOLUCA
026086JD,C0040,7,2,TOLUCA
026087JD,C0034,9,1,TOLUCA
026089JD,C0035,9,1,TOLUCA
026090JD,C0084,4,1,TOLUCA
026093JD,C0040,7,2,TOLUCA
026094JD,C0035,9,1,TOLUCA
026095JD,C0034,9,1,TOLUCA
026096JD,C0040,7,2,TOLUCA
026097JD,C0022,10,1,TOLUCA
026098JD,C0084,4,1,TOLUCA
026099JD,C0042,7,2,TOLUCA
026101JD,C0040,7,2,TOLUCA
026103JD,C0028,9,2,TOLUCA
026104JD,C0024,10,1,TOLUCA
026105JD,C0056,6,1,TOLUCA
026106JD,C0058,6,1,TOLUCA
026109JD,C0086,2,3,TOLUCA
026110JD,C0028,9,2,TOLUCA
026111JD,C0044,7,1,TOLUCA
026113JD,C0031,9,1,TOLUCA
026114JD,C0034,9,1,TOLUCA
026115JD,C0047,7,1,TOLUCA
026116JD,C0055,6,1,TOLUCA
026117JD,C0033,9,1,TOLUCA
026119JD,C0078,4,2,TOLUCA
026121JD,C0027,9,3,TOLUCA
026122JD,C0031,9,1,TOLUCA
026125JD,C0033,9,1,TOLUCA
026126JD,C0081,4,1,TOLUCA
026127JD,C0078,4,2,TOLUCA
026128JD,C0036,9,1,TOLUCA
026130JD,C0030,9,2,TOLUCA
026131JD,C0083,4,1,TOLUCA
026132JD,C0084,4,1,TOLUCA
026133JD,C0020,10,1,TOLUCA
026134JD,C0085,2,3,TOLUCA
026136JD,C0044,7,1,TOLUCA
026137JD,C0081,4,1,TOLUCA
026138JD,C0025,9,3,TOLUCA
026141JD,C0031,9,1,TOLUCA
026142JD,C0032,9,1,TOLUCA
026143JD,C0032,9,1,TOLUCA
026144JD,C0030,9,2,TOLUCA
026145JD,C0032,9,1,TOLUCA
026146JD,C0030,9,2,TOLUCA
026147JD,C0028,9,2,TOLUCA
026148JD,C0030,9,2,TOLUCA
026149JD,C0044,7,1,TOLUCA
026150JD,C0044,7,1,TOLUCA
026151JD,C0044,7,1,TOLUCA
026152JD,C0044,7,1,TOLUCA
026153JD,C0044,7,1,TOLUCA
026154JD,C0044,7,1,TOLUCA
026155JD,C0045,7,1,TOLUCA
026156JD,C0044,7,1,TOLUCA
026157JD,C0045,7,1,TOLUCA
026159JD,C0086,2,3,TOLUCA
026160JD,C0049,6,3,TOLUCA
026161JD,C0033,9,1,TOLUCA
026163JD,C0040,7,2,TOLUCA
026164JD,C0020,10,1,TOLUCA
026165JD,C0093,2,1,TOLUCA
026166JD,C0050,6,3,TOLUCA
026167JD,C0046,7,1,TOLUCA
026168JD,C0044,7,1,TOLUCA
026169JD,C0046,7,1,TOLUCA
026170JD,C0046,7,1,TOLUCA
026171JD,C0046,7,1,TOLUCA
026172JD,C0044,7,1,TOLUCA
026173JD,C0046,7,1,TOLUCA
026174JD,C0044,7,1,TOLUCA
026175JD,C0046,7,1,TOLUCA
026177JD,C0081,4,1,TOLUCA
026179JD,C0080,4,1,TOLUCA
026180JD,C0041,7,2,TOLUCA
026184JD,C0085,2,3,TOLUCA
026185JD,C0030,9,2,TOLUCA
026186JD,C0034,9,1,TOLUCA
026187JD,C0039,7,3,TOLUCA
026188JD,C0039,7,3,TOLUCA
026189JD,C0039,7,3,TOLUCA
026190JD,C0046,7,1,TOLUCA
026191JD,C0038,7,3,TOLUCA
026192JD,C0039,7,3,TOLUCA
026193JD,C0086,2,3,TOLUCA
026194JD,C0041,7,2,TOLUCA
026195JD,C0042,7,2,TOLUCA
026196JD,C0041,7,2,TOLUCA
026197JD,C0034,9,1,TOLUCA
026198JD,C0085,2,3,TOLUCA
026201JD,C0041,7,2,TOLUCA
026202JD,C0039,7,3,TOLUCA
026204JD,C0091,2,1,TOLUCA
026205JD,C0087,2,3,TOLUCA
026206JD,C0086,2,3,TOLUCA
026207JD,C0086,2,3,TOLUCA
026208JD,C0045,7,1,TOLUCA
026209JD,C0047,7,1,TOLUCA
026210JD,C0047,7,1,TOLUCA
026212JD,C0039,7,3,TOLUCA
026213JD,C0040,7,2,TOLUCA
026214JD,C0034,9,1,TOLUCA
026218JD,C0033,9,1,TOLUCA
026220JD,C0047,7,1,TOLUCA
026295JD,C0033,9,1,TOLUCA
026298JD,C0033,9,1,TOLUCA
026301JD,C0045,7,1,TOLUCA
026302JD,C0024,10,1,TOLUCA
026304JD,C0041,7,2,TOLUCA
026305JD,C0034,9,1,TOLUCA
026307JD,C0050,6,3,TOLUCA
026309JD,C0034,9,1,TOLUCA
026310JD,C0022,10,1,TOLUCA
026312JD,C0033,9,1,TOLUCA
026313JD,C0033,9,1,TOLUCA
026314JD,C0084,4,1,TOLUCA
026315JD,C0045,7,1,TOLUCA
026316JD,C0090,2,2,TOLUCA
026317JD,C0045,7,1,TOLUCA
026318JD,C0093,2,1,TOLUCA
026319JD,C0057,6,1,TOLUCA
026321JD,C0044,7,1,TOLUCA
026322JD,C0040,7,2,TOLUCA
026323JD,C0040,7,2,TOLUCA
026324JD,C0042,7,2,TOLUCA
026325JD,C0044,7,1,TOLUCA
026326JD,C0044,7,1,TOLUCA
026327JD,C0091,2,1,TOLUCA
026328JD,C0042,7,2,TOLUCA
026333JD,C0033,9,1,TOLUCA
026334JD,C0057,6,1,TOLUCA
026335JD,C0078,4,2,TOLUCA
026338JD,C0036,9,1,TOLUCA
026339JD,C0087,2,3,TOLUCA
026340JD,C0093,2,1,TOLUCA
026341JD,C0017,10,2,TOLUCA
026342JD,C0050,6,3,TOLUCA
026343JD,C0057,6,1,TOLUCA
026344JD,C0049,6,3,TOLUCA
026345JD,C0043,7,1,TOLUCA
026346JD,C0018,10,2,TOLUCA
026356JD,C0044,7,1,TOLUCA
026357JD,C0044,7,1,TOLUCA
026358JD,C0044,7,1,TOLUCA
026359JD,C0045,7,1,TOLUCA
026360JD,C0045,7,1,TOLUCA
026361JD,C0047,7,1,TOLUCA
026362JD,C0044,7,1,TOLUCA
026363JD,C0044,7,1,TOLUCA
026364JD,C0046,7,1,TOLUCA
026365JD,C0033,9,1,TOLUCA
026367JD,C0033,9,1,TOLUCA
026368JD,C0084,4,1,TOLUCA
026370JD,C0032,9,1,TOLUCA
026372JD,C0083,4,1,TOLUCA
026373JD,C0036,9,1,TOLUCA
026374JD,C0091,2,1,TOLUCA
026382JD,C0057,6,1,TOLUCA
026383JD,C0041,7,2,TOLUCA
026385JD,C0042,7,2,TOLUCA
026388JD,C0083,4,1,TOLUCA
026390JD,C0085,2,3,TOLUCA
026391JD,C0040,7,2,TOLUCA
026392JD,C0084,4,1,TOLUCA
026393JD,C0086,2,3,TOLUCA
026394JD,C0081,4,1,TOLUCA
026395JD,C0088,2,2,TOLUCA
026396JD,C0045,7,1,TOLUCA
026397JD,C0086,2,3,TOLUCA
026398JD,C0088,2,2,TOLUCA
026399JD,C0045,7,1,TOLUCA
026404JD,C0017,10,2,TOLUCA
026405JD,C0056,6,1,TOLUCA
026406JD,C0040,7,2,TOLUCA
026410JD,C0025,9,3,TOLUCA
026412JD,C0027,9,3,TOLUCA
026413JD,C0057,6,1,TOLUCA
026414JD,C0048,7,1,TOLUCA
026416JD,C0050,6,3,TOLUCA
026417JD,C0041,7,2,TOLUCA
026418JD,C0085,2,3,TOLUCA
026419JD,C0084,4,1,TOLUCA
026420JD,C0083,4,1,TOLUCA
026421JD,C0085,2,3,TOLUCA
026422JD,C0044,7,1,TOLUCA
026423JD,C0043,7,1,TOLUCA
026425JD,C0043,7,1,TOLUCA
026426JD,C0044,7,1,TOLUCA
026427JD,C0034,9,1,TOLUCA
026429JD,C0050,6,3,TOLUCA
026432JD,C0040,7,2,TOLUCA
026433JD,C0040,7,2,TOLUCA
026434JD,C0080,4,1,TOLUCA
026435JD,C0030,9,2,TOLUCA
026436JD,C0079,4,1,TOLUCA
026441JD,C0040,7,2,TOLUCA
026442JD,C0048,7,1,TOLUCA
026444JD,C0017,10,2,TOLUCA
026445JD,C0090,2,2,TOLUCA
026449JD,C0045,7,1,TOLUCA
026453JD,C0037,7,3,TOLUCA
026454JD,C0034,9,1,TOLUCA
026455JD,C0045,7,1,TOLUCA
026456JD,C0046,7,1,TOLUCA
026457JD,C0045,7,1,TOLUCA
026458JD,C0045,7,1,TOLUCA
026459JD,C0045,7,1,TOLUCA
026460JD,C0086,2,3,TOLUCA
026461JD,C0045,7,1,TOLUCA
026462JD,C0045,7,1,TOLUCA
026463JD,C0045,7,1,TOLUCA
026466JD,C0089,2,2,TOLUCA
026469JD,C0033,9,1,TOLUCA
026470JD,C0032,9,1,TOLUCA
026471JD,C0041,7,2,TOLUCA
026477JD,C0032,9,1,TOLUCA
026478JD,C0032,9,1,TOLUCA
026479JD,C0033,9,1,TOLUCA
026480JD,C0032,9,1,TOLUCA
026482JD,C0027,9,3,TOLUCA
026489JD,C0089,2,2,TOLUCA
026490JD,C0032,9,1,TOLUCA
026500JD,C0040,7,2,TOLUCA
026501JD,C0042,7,2,TOLUCA
026503JD,C0033,9,1,TOLUCA
026504JD,C0032,9,1,TOLUCA
026505JD,C0055,6,1,TOLUCA
026506JD,C0033,9,1,TOLUCA
026508JD,C0030,9,2,TOLUCA
026509JD,C0031,9,1,TOLUCA
026510JD,C0083,4,1,TOLUCA
026511JD,C0028,9,2,TOLUCA
026512JD,C0047,7,1,TOLUCA
026513JD,C0028,9,2,TOLUCA
026514JD,C0028,9,2,TOLUCA
026515JD,C0029,9,2,TOLUCA
026516JD,C0028,9,2,TOLUCA
026517JD,C0031,9,1,TOLUCA
026518JD,C0028,9,2,TOLUCA
026519JD,C0028,9,2,TOLUCA
026520JD,C0083,4,1,TOLUCA
026521JD,C0031,9,1,TOLUCA
026522JD,C0029,9,2,TOLUCA
026523JD,C0079,4,1,TOLUCA
026524JD,C0030,9,2,TOLUCA
026525JD,C0030,9,2,TOLUCA
026526JD,C0029,9,2,TOLUCA
026527JD,C0084,4,1,TOLUCA
026528JD,C0034,9,1,TOLUCA
026529JD,C0086,2,3,TOLUCA
026530JD,C0029,9,2,TOLUCA
026531JD,C0084,4,1,TOLUCA
026532JD,C0031,9,1,TOLUCA
026533JD,C0031,9,1,TOLUCA
026534JD,C0087,2,3,TOLUCA
026535JD,C0027,9,3,TOLUCA
026536JD,C0027,9,3,TOLUCA
026537JD,C0078,4,2,TOLUCA
026538JD,C0027,9,3,TOLUCA
026539JD,C0081,4,1,TOLUCA
026540JD,C0040,7,2,TOLUCA
026541JD,C0035,9,1,TOLUCA
026542JD,C0032,9,1,TOLUCA
026543JD,C0040,7,2,TOLUCA
026544JD,C0045,7,1,TOLUCA
026545JD,C0042,7,2,TOLUCA
026546JD,C0050,6,3,TOLUCA
026547JD,C0033,9,1,TOLUCA
026549JD,C0090,2,2,TOLUCA
026551JD,C0087,2,3,TOLUCA
026552JD,C0032,9,1,TOLUCA
026553JD,C0056,6,1,TOLUCA
026554JD,C0056,6,1,TOLUCA
026555JD,C0090,2,2,TOLUCA
026556JD,C0032,9,1,TOLUCA
026558JD,C0032,9,1,TOLUCA
026563JD,C0093,2,1,TOLUCA
026568JD,C0057,6,1,TOLUCA
026570JD,C0027,9,3,TOLUCA
026571JD,C0090,2,2,TOLUCA
026573JD,C0090,2,2,TOLUCA
026575JD,C0086,2,3,TOLUCA
026579JD,C0032,9,1,TOLUCA
026581JD,C0036,9,1,TOLUCA
026586JD,C0032,9,1,TOLUCA
026600JD,C0043,7,1,TOLUCA
026605JD,C0040,7,2,TOLUCA
026606JD,C0090,2,2,TOLUCA
026617JD,C0090,2,2,TOLUCA
026618JD,C0057,6,1,TOLUCA
026620JD,C0027,9,3,TOLUCA
026622JD,C0038,7,3,TOLUCA
026623JD,C0028,9,2,TOLUCA
026624JD,C0081,4,1,TOLUCA
026626JD,C0090,2,2,TOLUCA
026628JD,C0048,7,1,TOLUCA
026630JD,C0090,2,2,TOLUCA
026633JD,C0091,2,1,TOLUCA
026634JD,C0086,2,3,TOLUCA
026635JD,C0090,2,2,TOLUCA
026636JD,C0086,2,3,TOLUCA
026640JD,C0045,7,1,TOLUCA
026642JD,C0036,9,1,TOLUCA
026643JD,C0039,7,3,TOLUCA
026646JD,C0036,9,1,TOLUCA
026647JD,C0027,9,3,TOLUCA
026648JD,C0091,2,1,TOLUCA
026649JD,C0091,2,1,TOLUCA
026650JD,C0043,7,1,TOLUCA
026651JD,C0091,2,1,TOLUCA
026655JD,C0087,2,3,TOLUCA
026657JD,C0039,7,3,TOLUCA
026658JD,C0043,7,1,TOLUCA
026659JD,C0086,2,3,TOLUCA
026661JD,C0039,7,3,TOLUCA
026671JD,C0087,2,3,TOLUCA
026673JD,C0087,2,3,TOLUCA
026675JD,C0037,7,3,TOLUCA
026678JD,C0057,6,1,TOLUCA
026689JD,C0028,9,2,TOLUCA
026692JD,C0055,6,1,TOLUCA
026693JD,C0058,6,1,TOLUCA
026694JD,C0058,6,1,TOLUCA
026695JD,C0058,6,1,TOLUCA
026696JD,C0055,6,1,TOLUCA
026697JD,C0055,6,1,TOLUCA
026698JD,C0031,9,1,TOLUCA
026699JD,C0029,9,2,TOLUCA
026700JD,C0029,9,2,TOLUCA
026701JD,C0029,9,2,TOLUCA
026702JD,C0045,7,1,TOLUCA
026703JD,C0034,9,1,TOLUCA
026704JD,C0034,9,1,TOLUCA
026705JD,C0034,9,1,TOLUCA
026706JD,C0045,7,1,TOLUCA
026707JD,C0086,2,3,TOLUCA
026708JD,C0084,4,1,TOLUCA
026709JD,C0048,7,1,TOLUCA
026710JD,C0056,6,1,TOLUCA
026711JD,C0055,6,1,TOLUCA
026712JD,C0048,7,1,TOLUCA
026713JD,C0087,2,3,TOLUCA
026715JD,C0048,7,1,TOLUCA
026716JD,C0054,6,2,TOLUCA
026720JD,C0048,7,1,TOLUCA
026722JD,C0048,7,1,TOLUCA
026724JD,C0034,9,1,TOLUCA
026731JD,C0037,7,3,TOLUCA
026732JD,C0037,7,3,TOLUCA
026733JD,C0037,7,3,TOLUCA
026736JD,C0086,2,3,TOLUCA
026739JD,C0056,6,1,TOLUCA
026740JD,C0048,7,1,TOLUCA
026742JD,C0057,6,1,TOLUCA
026754JD,C0057,6,1,TOLUCA
026756JD,C0055,6,1,TOLUCA
026761JD,C0031,9,1,TOLUCA
026762JD,C0029,9,2,TOLUCA
026763JD,C0083,4,1,TOLUCA
026764JD,C0085,2,3,TOLUCA
026765JD,C0029,9,2,TOLUCA
026768JD,C0029,9,2,TOLUCA
026769JD,C0032,9,1,TOLUCA
026770JD,C0055,6,1,TOLUCA
026771JD,C0049,6,3,TOLUCA
026773JD,C0055,6,1,TOLUCA
026774JD,C0048,7,1,TOLUCA
026776JD,C0081,4,1,TOLUCA
026777JD,C0060,6,1,TOLUCA
026779JD,C0057,6,1,TOLUCA
026781JD,C0060,6,1,TOLUCA
026782JD,C0043,7,1,TOLUCA
026783JD,C0057,6,1,TOLUCA
026784JD,C0033,9,1,TOLUCA
026786JD,C0081,4,1,TOLUCA
028028JD,C0081,4,1,TOLUCA
030008JD,C0001,11,3,PATRIOTISMO
030026JD,C0001,11,3,PATRIOTISMO
030028JD,C0001,11,3,PATRIOTISMO
030029JD,C0001,11,3,PATRIOTISMO
030031JD,C0001,11,3,PATRIOTISMO
030035JD,C0001,11,3,PATRIOTISMO
030036JD,C0002,11,3,PATRIOTISMO
030038JD,C0002,11,3,PATRIOTISMO
030039JD,C0002,11,3,PATRIOTISMO
030040JD,C0002,11,3,PATRIOTISMO
030041JD,C0002,11,3,PATRIOTISMO
030042JD,C0002,11,3,PATRIOTISMO
030044JD,C0002,11,3,PATRIOTISMO
030046JD,C0002,11,3,PATRIOTISMO
030047JD,C0002,11,3,PATRIOTISMO
030048JD,C0002,11,3,PATRIOTISMO
030050JD,C0002,11,3,PATRIOTISMO
030052JD,C0002,11,3,PATRIOTISMO
030053JD,C0002,11,3,PATRIOTISMO
030054JD,C0002,11,3,PATRIOTISMO
030055JD,C0002,11,3,PATRIOTISMO
030056JD,C0002,11,3,PATRIOTISMO
030057JD,C0002,11,3,PATRIOTISMO
030058JD,C0002,11,3,PATRIOTISMO
030310JD,C0002,11,3,PATRIOTISMO
030314JD,C0002,11,3,PATRIOTISMO
030315JD,C0002,11,3,PATRIOTISMO
030316JD,C0002,11,3,PATRIOTISMO
030317JD,C0002,11,3,PATRIOTISMO
030321JD,C0002,11,3,PATRIOTISMO
030330JD,C0002,11,3,PATRIOTISMO
030331JD,C0002,11,3,PATRIOTISMO
030332JD,C0003,11,3,PATRIOTISMO
030336JD,C0003,11,3,PATRIOTISMO
030341JD,C0003,11,3,PATRIOTISMO
030344JD,C0003,11,3,PATRIOTISMO
030345JD,C0003,11,3,PATRIOTISMO
030346JD,C0003,11,3,PATRIOTISMO
030352JD,C0003,11,3,PATRIOTISMO
030357JD,C0003,11,3,PATRIOTISMO
030360JD,C0003,11,3,PATRIOTISMO
030368JD,C0003,11,3,PATRIOTISMO
030374JD,C0003,11,3,PATRIOTISMO
030382JD,C0003,11,3,PATRIOTISMO
030383JD,C0003,11,3,PATRIOTISMO
030384JD,C0003,11,3,PATRIOTISMO
030385JD,C0003,11,3,PATRIOTISMO
030386JD,C0003,11,3,PATRIOTISMO
030387JD,C0003,11,3,PATRIOTISMO
030388JD,C0003,11,3,PATRIOTISMO
030389JD,C0003,11,3,PATRIOTISMO
030390JD,C0003,11,3,PATRIOTISMO
030391JD,C0003,11,3,PATRIOTISMO
030392JD,C0003,11,3,PATRIOTISMO
030393JD,C0003,11,3,PATRIOTISMO
030394JD,C0003,11,3,PATRIOTISMO
030395JD,C0003,11,3,PATRIOTISMO
030396JD,C0003,11,3,PATRIOTISMO
030397JD,C0004,11,2,PATRIOTISMO
030398JD,C0004,11,2,PATRIOTISMO
030399JD,C0004,11,2,PATRIOTISMO
030400JD,C0004,11,2,PATRIOTISMO
030401JD,C0004,11,2,PATRIOTISMO
030402JD,C0004,11,2,PATRIOTISMO
030403JD,C0004,11,2,PATRIOTISMO
030407JD,C0004,11,2,PATRIOTISMO
030408JD,C0004,11,2,PATRIOTISMO
030410JD,C0004,11,2,PATRIOTISMO
030411JD,C0004,11,2,PATRIOTISMO
030412JD,C0004,11,2,PATRIOTISMO
030413JD,C0004,11,2,PATRIOTISMO
030414JD,C0004,11,2,PATRIOTISMO
030415JD,C0004,11,2,PATRIOTISMO
030416JD,C0004,11,2,PATRIOTISMO
030417JD,C0004,11,2,PATRIOTISMO
030418JD,C0004,11,2,PATRIOTISMO
030419JD,C0004,11,2,PATRIOTISMO
030420JD,C0004,11,2,PATRIOTISMO
030421JD,C0004,11,2,PATRIOTISMO
030425JD,C0004,11,2,PATRIOTISMO
030430JD,C0004,11,2,PATRIOTISMO
030433JD,C0004,11,2,PATRIOTISMO
030439JD,C0004,11,2,PATRIOTISMO
030441JD,C0004,11,2,PATRIOTISMO
030442JD,C0005,11,2,PATRIOTISMO
030445JD,C0005,11,2,PATRIOTISMO
030447JD,C0005,11,2,PATRIOTISMO
030448JD,C0005,11,2,PATRIOTISMO
030449JD,C0005,11,2,PATRIOTISMO
030450JD,C0005,11,2,PATRIOTISMO
030451JD,C0005,11,2,PATRIOTISMO
030452JD,C0005,11,2,PATRIOTISMO
030453JD,C0005,11,2,PATRIOTISMO
030454JD,C0005,11,2,PATRIOTISMO
030455JD,C0005,11,2,PATRIOTISMO
030456JD,C0005,11,2,PATRIOTISMO
030457JD,C0005,11,2,PATRIOTISMO
030458JD,C0005,11,2,PATRIOTISMO
030459JD,C0005,11,2,PATRIOTISMO
030460JD,C0005,11,2,PATRIOTISMO
030461JD,C0005,11,2,PATRIOTISMO
030462JD,C0005,11,2,PATRIOTISMO
030463JD,C0005,11,2,PATRIOTISMO
030464JD,C0005,11,2,PATRIOTISMO
030465JD,C0005,11,2,PATRIOTISMO
030466JD,C0005,11,2,PATRIOTISMO
030467JD,C0005,11,2,PATRIOTISMO
030468JD,C0005,11,2,PATRIOTISMO
030469JD,C0005,11,2,PATRIOTISMO
030470JD,C0005,11,2,PATRIOTISMO
030471JD,C0006,11,2,PATRIOTISMO
030472JD,C0006,11,2,PATRIOTISMO
030473JD,C0006,11,2,PATRIOTISMO
030474JD,C0006,11,2,PATRIOTISMO
030475JD,C0006,11,2,PATRIOTISMO
030476JD,C0006,11,2,PATRIOTISMO
030477JD,C0006,11,2,PATRIOTISMO
030478JD,C0006,11,2,PATRIOTISMO
030479JD,C0006,11,2,PATRIOTISMO
030480JD,C0006,11,2,PATRIOTISMO
030481JD,C0006,11,2,PATRIOTISMO
030482JD,C0006,11,2,PATRIOTISMO
030483JD,C0006,11,2,PATRIOTISMO
030484JD,C0006,11,2,PATRIOTISMO
030485JD,C0006,11,2,PATRIOTISMO
030486JD,C0006,11,2,PATRIOTISMO
030487JD,C0006,11,2,PATRIOTISMO
030488JD,C0006,11,2,PATRIOTISMO
030489JD,C0006,11,2,PATRIOTISMO
030490JD,C0006,11,2,PATRIOTISMO
030491JD,C0006,11,2,PATRIOTISMO
030492JD,C0006,11,2,PATRIOTISMO
030493JD,C0006,11,2,PATRIOTISMO
030494JD,C0006,11,2,PATRIOTISMO
030495JD,C0006,11,2,PATRIOTISMO
030496JD,C0006,11,2,PATRIOTISMO
030497JD,C0007,11,1,PATRIOTISMO
030498JD,C0007,11,1,PATRIOTISMO
030499JD,C0007,11,1,PATRIOTISMO
030500JD,C0007,11,1,PATRIOTISMO
030501JD,C0007,11,1,PATRIOTISMO
030502JD,C0007,11,1,PATRIOTISMO
030503JD,C0007,11,1,PATRIOTISMO
030504JD,C0007,11,1,PATRIOTISMO
030505JD,C0007,11,1,PATRIOTISMO
030506JD,C0007,11,1,PATRIOTISMO
030507JD,C0007,11,1,PATRIOTISMO
030508JD,C0007,11,1,PATRIOTISMO
030509JD,C0007,11,1,PATRIOTISMO
030510JD,C0007,11,1,PATRIOTISMO
030511JD,C0007,11,1,PATRIOTISMO
030512JD,C0007,11,1,PATRIOTISMO
030513JD,C0007,11,1,PATRIOTISMO
030514JD,C0007,11,1,PATRIOTISMO
030515JD,C0007,11,1,PATRIOTISMO
030516JD,C0007,11,1,PATRIOTISMO
030517JD,C0007,11,1,PATRIOTISMO
030518JD,C0007,11,1,PATRIOTISMO
030519JD,C0007,11,1,PATRIOTISMO
030520JD,C0007,11,1,PATRIOTISMO
030521JD,C0007,11,1,PATRIOTISMO
030522JD,C0007,11,1,PATRIOTISMO
030523JD,C0008,11,1,PATRIOTISMO
030524JD,C0008,11,1,PATRIOTISMO
030525JD,C0008,11,1,PATRIOTISMO
030526JD,C0008,11,1,PATRIOTISMO
030527JD,C0008,11,1,PATRIOTISMO
030528JD,C0008,11,1,PATRIOTISMO
030529JD,C0008,11,1,PATRIOTISMO
030530JD,C0008,11,1,PATRIOTISMO
030531JD,C0008,11,1,PATRIOTISMO
030532JD,C0008,11,1,PATRIOTISMO
030533JD,C0008,11,1,PATRIOTISMO
030534JD,C0008,11,1,PATRIOTISMO
030535JD,C0008,11,1,PATRIOTISMO
030536JD,C0008,11,1,PATRIOTISMO
030537JD,C0008,11,1,PATRIOTISMO
030538JD,C0008,11,1,PATRIOTISMO
030539JD,C0008,11,1,PATRIOTISMO
030540JD,C0008,11,1,PATRIOTISMO
030541JD,C0008,11,1,PATRIOTISMO
030542JD,C0008,11,1,PATRIOTISMO
030543JD,C0008,11,1,PATRIOTISMO
030544JD,C0008,11,1,PATRIOTISMO
030545JD,C0008,11,1,PATRIOTISMO
030546JD,C0008,11,1,PATRIOTISMO
030547JD,C0008,11,1,PATRIOTISMO
030548JD,C0008,11,1,PATRIOTISMO
030549JD,C0009,11,1,PATRIOTISMO
030550JD,C0009,11,1,PATRIOTISMO
030551JD,C0009,11,1,PATRIOTISMO
030552JD,C0009,11,1,PATRIOTISMO
030553JD,C0009,11,1,PATRIOTISMO
030554JD,C0009,11,1,PATRIOTISMO
030555JD,C0009,11,1,PATRIOTISMO
030556JD,C0009,11,1,PATRIOTISMO
030557JD,C0009,11,1,PATRIOTISMO
030558JD,C0009,11,1,PATRIOTISMO
030559JD,C0009,11,1,PATRIOTISMO
030560JD,C0009,11,1,PATRIOTISMO
030561JD,C0009,11,1,PATRIOTISMO
030562JD,C0009,11,1,PATRIOTISMO
030563JD,C0009,11,1,PATRIOTISMO
030564JD,C0009,11,1,PATRIOTISMO
030565JD,C0009,11,1,PATRIOTISMO
030566JD,C0009,11,1,PATRIOTISMO
030567JD,C0009,11,1,PATRIOTISMO
030568JD,C0009,11,1,PATRIOTISMO
030569JD,C0009,11,1,PATRIOTISMO
030570JD,C0009,11,1,PATRIOTISMO
030571JD,C0009,11,1,PATRIOTISMO
030572JD,C0009,11,1,PATRIOTISMO
030573JD,C0009,11,1,PATRIOTISMO
030574JD,C0009,11,1,PATRIOTISMO
030575JD,C0010,11,1,PATRIOTISMO
030576JD,C0010,11,1,PATRIOTISMO
030577JD,C0010,11,1,PATRIOTISMO
030578JD,C0010,11,1,PATRIOTISMO
030579JD,C0010,11,1,PATRIOTISMO
030580JD,C0010,11,1,PATRIOTISMO
030581JD,C0010,11,1,PATRIOTISMO
030602JD,C0024,10,1,TOLUCA
030603JD,C0056,6,1,TOLUCA
030604JD,C0057,6,1,TOLUCA
030605JD,C0057,6,1,TOLUCA
030606JD,C0057,6,1,TOLUCA
030607JD,C0057,6,1,TOLUCA
030608JD,C0057,6,1,TOLUCA
030609JD,C0057,6,1,TOLUCA
030610JD,C0057,6,1,TOLUCA
030611JD,C0057,6,1,TOLUCA
030612JD,C0057,6,1,TOLUCA
030613JD,C0057,6,1,TOLUCA
030614JD,C0057,6,1,TOLUCA
030615JD,C0057,6,1,TOLUCA
030616JD,C0057,6,1,TOLUCA
030617JD,C0060,6,1,TOLUCA
030619JD,C0059,6,1,TOLUCA
030620JD,C0060,6,1,TOLUCA
030622JD,C0060,6,1,TOLUCA
030624JD,C0060,6,1,TOLUCA
030625JD,C0060,6,1,TOLUCA
030626JD,C0060,6,1,TOLUCA
030627JD,C0010,11,1,PATRIOTISMO
030628JD,C0010,11,1,PATRIOTISMO
030629JD,C0010,11,1,PATRIOTISMO
030630JD,C0010,11,1,PATRIOTISMO
030631JD,C0010,11,1,PATRIOTISMO
030632JD,C0010,11,1,PATRIOTISMO
030633JD,C0010,11,1,PATRIOTISMO
030634JD,C0010,11,1,PATRIOTISMO
030635JD,C0010,11,1,PATRIOTISMO
030636JD,C0010,11,1,PATRIOTISMO
030637JD,C0010,11,1,PATRIOTISMO
030638JD,C0010,11,1,PATRIOTISMO
030639JD,C0010,11,1,PATRIOTISMO
030640JD,C0010,11,1,PATRIOTISMO
030641JD,C0010,11,1,PATRIOTISMO
030642JD,C0010,11,1,PATRIOTISMO
030643JD,C0010,11,1,PATRIOTISMO
030644JD,C0010,11,1,PATRIOTISMO
030645JD,C0010,11,1,PATRIOTISMO
030646JD,C0011,11,1,PATRIOTISMO
030647JD,C0011,11,1,PATRIOTISMO
030648JD,C0011,11,1,PATRIOTISMO
030649JD,C0011,11,1,PATRIOTISMO
030650JD,C0011,11,1,PATRIOTISMO
030651JD,C0011,11,1,PATRIOTISMO
030652JD,C0011,11,1,PATRIOTISMO
030653JD,C0011,11,1,PATRIOTISMO
030654JD,C0011,11,1,PATRIOTISMO
030655JD,C0011,11,1,PATRIOTISMO
030656JD,C0011,11,1,PATRIOTISMO
030657JD,C0011,11,1,PATRIOTISMO
030658JD,C0011,11,1,PATRIOTISMO
030659JD,C0011,11,1,PATRIOTISMO
030660JD,C0011,11,1,PATRIOTISMO
030661JD,C0011,11,1,PATRIOTISMO
030662JD,C0011,11,1,PATRIOTISMO
030663JD,C0011,11,1,PATRIOTISMO
030664JD,C0011,11,1,PATRIOTISMO
030665JD,C0011,11,1,PATRIOTISMO
030666JD,C0011,11,1,PATRIOTISMO
030667JD,C0011,11,1,PATRIOTISMO
030668JD,C0011,11,1,PATRIOTISMO
030669JD,C0011,11,1,PATRIOTISMO
030670JD,C0011,11,1,PATRIOTISMO
030671JD,C0011,11,1,PATRIOTISMO
030672JD,C0012,11,1,PATRIOTISMO
030673JD,C0012,11,1,PATRIOTISMO
030674JD,C0012,11,1,PATRIOTISMO
030675JD,C0012,11,1,PATRIOTISMO
030676JD,C0012,11,1,PATRIOTISMO
030677JD,C0012,11,1,PATRIOTISMO
030678JD,C0012,11,1,PATRIOTISMO
030679JD,C0012,11,1,PATRIOTISMO
030680JD,C0012,11,1,PATRIOTISMO
030681JD,C0012,11,1,PATRIOTISMO
030682JD,C0012,11,1,PATRIOTISMO
030683JD,C0012,11,1,PATRIOTISMO
030684JD,C0012,11,1,PATRIOTISMO
030685JD,C0012,11,1,PATRIOTISMO
030686JD,C0012,11,1,PATRIOTISMO
030687JD,C0012,11,1,PATRIOTISMO
030688JD,C0012,11,1,PATRIOTISMO
030689JD,C0012,11,1,PATRIOTISMO
030690JD,C0012,11,1,PATRIOTISMO
030691JD,C0012,11,1,PATRIOTISMO
030692JD,C0012,11,1,PATRIOTISMO
030693JD,C0012,11,1,PATRIOTISMO
030694JD,C0012,11,1,PATRIOTISMO
030695JD,C0012,11,1,PATRIOTISMO
030696JD,C0012,11,1,PATRIOTISMO
030697JD,C0012,11,1,PATRIOTISMO
030698JD,C0013,10,3,PATRIOTISMO
030699JD,C0013,10,3,PATRIOTISMO
030700JD,C0013,10,3,PATRIOTISMO
030701JD,C0013,10,3,PATRIOTISMO
030702JD,C0013,10,3,PATRIOTISMO
030703JD,C0013,10,3,PATRIOTISMO
030704JD,C0013,10,3,PATRIOTISMO
030705JD,C0013,10,3,PATRIOTISMO
030706JD,C0013,10,3,PATRIOTISMO
030707JD,C0013,10,3,PATRIOTISMO
030708JD,C0013,10,3,PATRIOTISMO
030709JD,C0013,10,3,PATRIOTISMO
030710JD,C0013,10,3,PATRIOTISMO
030711JD,C0013,10,3,PATRIOTISMO
030712JD,C0013,10,3,PATRIOTISMO
030713JD,C0013,10,3,PATRIOTISMO
030714JD,C0013,10,3,PATRIOTISMO
030715JD,C0013,10,3,PATRIOTISMO
030716JD,C0013,10,3,PATRIOTISMO
030717JD,C0013,10,3,PATRIOTISMO
030718JD,C0013,10,3,PATRIOTISMO
030719JD,C0013,10,3,PATRIOTISMO
030720JD,C0013,10,3,PATRIOTISMO
030721JD,C0013,10,3,PATRIOTISMO
030722JD,C0013,10,3,PATRIOTISMO
030723JD,C0013,10,3,PATRIOTISMO
030724JD,C0014,10,3,PATRIOTISMO
030725JD,C0014,10,3,PATRIOTISMO
030726JD,C0014,10,3,PATRIOTISMO
030727JD,C0014,10,3,PATRIOTISMO
030728JD,C0014,10,3,PATRIOTISMO
030729JD,C0014,10,3,PATRIOTISMO
030730JD,C0014,10,3,PATRIOTISMO
030731JD,C0014,10,3,PATRIOTISMO
030732JD,C0014,10,3,PATRIOTISMO
030733JD,C0014,10,3,PATRIOTISMO
030734JD,C0014,10,3,PATRIOTISMO
030735JD,C0014,10,3,PATRIOTISMO
030736JD,C0014,10,3,PATRIOTISMO
030737JD,C0014,10,3,PATRIOTISMO
030738JD,C0014,10,3,PATRIOTISMO
030739JD,C0014,10,3,PATRIOTISMO
030740JD,C0014,10,3,PATRIOTISMO
030741JD,C0014,10,3,PATRIOTISMO
030742JD,C0014,10,3,PATRIOTISMO
030743JD,C0014,10,3,PATRIOTISMO
030744JD,C0014,10,3,PATRIOTISMO
030745JD,C0014,10,3,PATRIOTISMO
030746JD,C0014,10,3,PATRIOTISMO
030747JD,C0014,10,3,PATRIOTISMO
030748JD,C0014,10,3,PATRIOTISMO
030749JD,C0014,10,3,PATRIOTISMO
030750JD,C0015,10,3,PATRIOTISMO
030751JD,C0015,10,3,PATRIOTISMO
030752JD,C0015,10,3,PATRIOTISMO
030753JD,C0015,10,3,PATRIOTISMO
030754JD,C0015,10,3,PATRIOTISMO
030755JD,C0015,10,3,PATRIOTISMO
030756JD,C0015,10,3,PATRIOTISMO
030757JD,C0015,10,3,PATRIOTISMO
030758JD,C0015,10,3,PATRIOTISMO
030759JD,C0015,10,3,PATRIOTISMO
030760JD,C0015,10,3,PATRIOTISMO
030761JD,C0015,10,3,PATRIOTISMO
030762JD,C0015,10,3,PATRIOTISMO
030763JD,C0015,10,3,PATRIOTISMO
030764JD,C0015,10,3,PATRIOTISMO
030765JD,C0015,10,3,PATRIOTISMO
030766JD,C0015,10,3,PATRIOTISMO
030767JD,C0015,10,3,PATRIOTISMO
030768JD,C0015,10,3,PATRIOTISMO
030769JD,C0015,10,3,PATRIOTISMO
030770JD,C0015,10,3,PATRIOTISMO
030771JD,C0015,10,3,PATRIOTISMO
030772JD,C0015,10,3,PATRIOTISMO
030773JD,C0015,10,3,PATRIOTISMO
030774JD,C0015,10,3,PATRIOTISMO
030775JD,C0015,10,3,PATRIOTISMO
030776JD,C0016,10,2,PATRIOTISMO
030777JD,C0016,10,2,PATRIOTISMO
030778JD,C0016,10,2,PATRIOTISMO
030779JD,C0016,10,2,PATRIOTISMO
030780JD,C0016,10,2,PATRIOTISMO
030781JD,C0016,10,2,PATRIOTISMO
030782JD,C0016,10,2,PATRIOTISMO
030783JD,C0016,10,2,PATRIOTISMO
030784JD,C0016,10,2,PATRIOTISMO
030785JD,C0016,10,2,PATRIOTISMO
030786JD,C0016,10,2,PATRIOTISMO
030787JD,C0016,10,2,PATRIOTISMO
030788JD,C0016,10,2,PATRIOTISMO
030789JD,C0016,10,2,PATRIOTISMO
030790JD,C0016,10,2,PATRIOTISMO
030791JD,C0016,10,2,PATRIOTISMO
030792JD,C0016,10,2,PATRIOTISMO
030793JD,C0016,10,2,PATRIOTISMO
030794JD,C0016,10,2,PATRIOTISMO
030795JD,C0016,10,2,PATRIOTISMO
030796JD,C0016,10,2,PATRIOTISMO
030797JD,C0016,10,2,PATRIOTISMO
030798JD,C0016,10,2,PATRIOTISMO
030799JD,C0016,10,2,PATRIOTISMO
030800JD,C0016,10,2,PATRIOTISMO
030801JD,C0016,10,2,PATRIOTISMO
041200M8,C0094,2,1,TOLUCA
041201M8,C0094,2,1,TOLUCA
041202M8,C0094,2,1,TOLUCA
041203M8,C0094,2,1,TOLUCA
041204M8,C0099,8,1,TOLUCA
041205M8,C0099,8,1,TOLUCA
041206M8,C0099,8,1,TOLUCA
041207M8,C0099,8,1,TOLUCA
041208M8,C0099,8,1,TOLUCA
041209M8,C0099,8,1,TOLUCA
041320M8,C0051,6,3,TOLUCA
041321M8,C0051,6,3,TOLUCA
041322M8,C0051,6,3,TOLUCA
041323M8,C0051,6,3,TOLUCA
041324M8,C0051,6,3,TOLUCA
041325M8,C0051,6,3,TOLUCA
041326M8,C0051,6,3,TOLUCA
041327M8,C0051,6,3,TOLUCA
041328M8,C0051,6,3,TOLUCA
041329M8,C0051,6,3,TOLUCA
041340M8,C0051,6,3,TOLUCA
041341M8,C0051,6,3,TOLUCA
041342M8,C0051,6,3,TOLUCA
041343M8,C0051,6,3,TOLUCA
041344M8,C0051,6,3,TOLUCA
041345M8,C0051,6,3,TOLUCA
041346M8,C0051,6,3,TOLUCA
041347M8,C0051,6,3,TOLUCA
041348M8,C0051,6,3,TOLUCA
041349M8,C0051,6,3,TOLUCA
041450M8,C0051,6,3,TOLUCA
041451M8,C0051,6,3,TOLUCA
041452M8,C0051,6,3,TOLUCA
041453M8,C0049,6,3,TOLUCA
041454M8,C0049,6,3,TOLUCA
041455M8,C0049,6,3,TOLUCA
041456M8,C0049,6,3,TOLUCA
041457M8,C0048,7,1,TOLUCA
041458M8,C0094,2,1,TOLUCA
041459M8,C0094,2,1,TOLUCA
042030M8,C0051,6,3,TOLUCA
042031M8,C0051,6,3,TOLUCA
042032M8,C0051,6,3,TOLUCA
042033M8,C0051,6,3,TOLUCA
042034M8,C0051,6,3,TOLUCA
042035M8,C0094,2,1,TOLUCA
042036M8,C0094,2,1,TOLUCA
042037M8,C0094,2,1,TOLUCA
042038M8,C0094,2,1,TOLUCA
042039M8,C0094,2,1,TOLUCA
042610M8,C0094,2,1,TOLUCA
042611M8,C0094,2,1,TOLUCA
042612M8,C0094,2,1,TOLUCA
042613M8,C0094,2,1,TOLUCA
042614M8,C0094,2,1,TOLUCA
042615M8,C0094,2,1,TOLUCA
042616M8,C0094,2,1,TOLUCA
042617M8,C0094,2,1,TOLUCA
042618M8,C0094,2,1,TOLUCA
042619M8,C0094,2,1,TOLUCA
044240M8,C0094,2,1,TOLUCA
044241M8,C0094,2,1,TOLUCA
044242M8,C0094,2,1,TOLUCA
044243M8,C0094,2,1,TOLUCA
044244M8,C0094,2,1,TOLUCA
044245M8,C0094,2,1,TOLUCA
044246M8,C0099,8,1,TOLUCA
044247M8,C0099,8,1,TOLUCA
044248M8,C0099,8,1,TOLUCA
044249M8,C0094,2,1,TOLUCA
22293,C0060,6,1,TOLUCA
25365,C0060,6,1,TOLUCA
26638JDE,C0081,4,1,TOLUCA
362024JD,C0060,6,1,TOLUCA
362025JD,C0060,6,1,TOLUCA
B00000JD,C0059,6,1,TOLUCA
B00001JD,C0054,6,2,TOLUCA
B00003JD,C0053,6,2,TOLUCA
B00004JD,C0053,6,2,TOLUCA
B00005JD,C0067,5,1,TOLUCA
B00006JD,C0067,5,1,TOLUCA
B00007JD,C0056,6,1,TOLUCA
B00008JD,C0055,6,1,TOLUCA
B00009JD,C0020,10,1,TOLUCA
B00010JD,C0018,10,2,TOLUCA
B00011JD,C0058,6,1,TOLUCA
B00012JD,C0055,6,1,TOLUCA
B00013JD,C0058,6,1,TOLUCA
B00014JD,C0058,6,1,TOLUCA
B00015JD,C0067,5,1,TOLUCA
B00016JD,C0054,6,2,TOLUCA
B00017JD,C0062,5,3,TOLUCA
B00018JD,C0059,6,1,TOLUCA
B00019JD,C0059,6,1,TOLUCA
B00020JD,C0064,5,2,TOLUCA
B00021JD,C0062,5,3,TOLUCA
B00022JD,C0064,5,2,TOLUCA
B00023JD,C0052,6,2,TOLUCA
B00024JD,C0053,6,2,TOLUCA
B00025JD,C0059,6,1,TOLUCA
B00026JD,C0058,6,1,TOLUCA
B00027JD,C0064,5,2,TOLUCA
B00028JD,C0065,5,2,TOLUCA
B00029JD,C0060,6,1,TOLUCA
B00030JD,C0050,6,3,TOLUCA
B00031JD,C0050,6,3,TOLUCA
B00032JD,C0061,5,3,TOLUCA
B00033JD,C0067,5,1,TOLUCA
B00034JD,C0022,10,1,TOLUCA
B00035JD,C0060,6,1,TOLUCA
B00036JD,C0058,6,1,TOLUCA
B00037JD,C0067,5,1,TOLUCA
B00038JD,C0055,6,1,TOLUCA
B00039JD,C0061,5,3,TOLUCA
B00040JD,C0061,5,3,TOLUCA
B00041JD,C0061,5,3,TOLUCA
B00042JD,C0061,5,3,TOLUCA
B00043JD,C0054,6,2,TOLUCA
B00044JD,C0061,5,3,TOLUCA
B00045JD,C0060,6,1,TOLUCA
B00046JD,C0060,6,1,TOLUCA
B00047JD,C0060,6,1,TOLUCA
B00048JD,C0024,10,1,TOLUCA
B00049JD,C0061,5,3,TOLUCA
B00050JD,C0054,6,2,TOLUCA
B00051JD,C0081,4,1,TOLUCA
B00052JD,C0024,10,1,TOLUCA
B00053JD,C0060,6,1,TOLUCA
B00054JD,C0060,6,1,TOLUCA
B00055JD,C0050,6,3,TOLUCA
B00056JD,C0061,5,3,TOLUCA
B00057JD,C0069,5,1,TOLUCA
B00058JD,C0068,5,1,TOLUCA
B00059JD,C0023,10,1,TOLUCA
B00060JD,C0068,5,1,TOLUCA
B00061JD,C0058,6,1,TOLUCA
B00062JD,C0058,6,1,TOLUCA
B00063JD,C0077,4,2,TOLUCA
B00064JD,C0077,4,2,TOLUCA
B00065JD,C0076,4,2,TOLUCA
B00066JD,C0082,4,1,TOLUCA
B00067JD,C0077,4,2,TOLUCA
B00068JD,C0046,7,1,TOLUCA
B00069JD,C0020,10,1,TOLUCA
B00070JD,C0060,6,1,TOLUCA
B00071JD,C0069,5,1,TOLUCA
B00072JD,C0086,2,3,TOLUCA
B00073JD,C0069,5,1,TOLUCA
B00074JD,C0069,5,1,TOLUCA
B00075JD,C0052,6,2,TOLUCA
B00076JD,C0053,6,2,TOLUCA
B00077JD,C0056,6,1,TOLUCA
B00078JD,C0061,5,3,TOLUCA
B00079JD,C0058,6,1,TOLUCA
B00080JD,C0069,5,1,TOLUCA
B00081JD,C0056,6,1,TOLUCA
B00082JD,C0024,10,1,TOLUCA
B00083JD,C0070,5,1,TOLUCA
B00084JD,C0021,10,1,TOLUCA
B00085JD,C0058,6,1,TOLUCA
B00086JD,C0058,6,1,TOLUCA
B00087JD,C0059,6,1,TOLUCA
B00088JD,C0059,6,1,TOLUCA
B00089JD,C0062,5,3,TOLUCA
B00090JD,C0023,10,1,TOLUCA
B00091JD,C0061,5,3,TOLUCA
B00092JD,C0061,5,3,TOLUCA
B00093JD,C0053,6,2,TOLUCA
B00094JD,C0064,5,2,TOLUCA
B00095JD,C0053,6,2,TOLUCA
B00096JD,C0054,6,2,TOLUCA
B00097JD,C0024,10,1,TOLUCA
B00098JD,C0023,10,1,TOLUCA
B00099JD,C0054,6,2,TOLUCA
B00100JD,C0067,5,1,TOLUCA
B00101JD,C0067,5,1,TOLUCA
B00102JD,C0067,5,1,TOLUCA
B00103JD,C0022,10,1,TOLUCA
B00104JD,C0070,5,1,TOLUCA
B00105JD,C0070,5,1,TOLUCA
B00106JD,C0068,5,1,TOLUCA
B00107JD,C0068,5,1,TOLUCA
B00108JD,C0076,4,2,TOLUCA
B00109JD,C0091,2,1,TOLUCA
B00110JD,C0082,4,1,TOLUCA
B00111JD,C0076,4,2,TOLUCA
B00112JD,C0021,10,1,TOLUCA
B00113JD,C0024,10,1,TOLUCA
B00114JD,C0076,4,2,TOLUCA
B00115JD,C0067,5,1,TOLUCA
B00116JD,C0065,5,2,TOLUCA
B00117JD,C0076,4,2,TOLUCA
B00118JD,C0078,4,2,TOLUCA
B00119JD,C0073,4,3,TOLUCA
B00120JD,C0073,4,3,TOLUCA
B00121JD,C0024,10,1,TOLUCA
B00122JD,C0073,4,3,TOLUCA
B00123JD,C0073,4,3,TOLUCA
B00124JD,C0073,4,3,TOLUCA
B00125JD,C0072,5,1,TOLUCA
B00126JD,C0072,5,1,TOLUCA
B00127JD,C0072,5,1,TOLUCA
B00128JD,C0073,4,3,TOLUCA
B00129JD,C0073,4,3,TOLUCA
B00130JD,C0073,4,3,TOLUCA
B00131JD,C0072,5,1,TOLUCA
B00132JD,C0072,5,1,TOLUCA
B00133JD,C0072,5,1,TOLUCA
B00134JD,C0020,10,1,TOLUCA
B00135JD,C0072,5,1,TOLUCA
B00136JD,C0072,5,1,TOLUCA
B00137JD,C0023,10,1,TOLUCA
B00138JD,C0072,5,1,TOLUCA
B00139JD,C0029,9,2,TOLUCA
B00140JD,C0072,5,1,TOLUCA
B00141JD,C0072,5,1,TOLUCA
B00142JD,C0071,5,1,TOLUCA
B00143JD,C0022,10,1,TOLUCA
B00144JD,C0072,5,1,TOLUCA
B00145JD,C0077,4,2,TOLUCA
B00146JD,C0020,10,1,TOLUCA
B00147JD,C0073,4,3,TOLUCA
B00148JD,C0073,4,3,TOLUCA
B00149JD,C0073,4,3,TOLUCA
B00150JD,C0017,10,2,TOLUCA
B00151JD,C0068,5,1,TOLUCA
B00152JD,C0079,4,1,TOLUCA
B00153JD,C0080,4,1,TOLUCA
B00154JD,C0080,4,1,TOLUCA
B00155JD,C0080,4,1,TOLUCA
B00156JD,C0076,4,2,TOLUCA
B00157JD,C0064,5,2,TOLUCA
B00158JD,C0064,5,2,TOLUCA
B00159JD,C0063,5,3,TOLUCA
B00160JD,C0063,5,3,TOLUCA
B00161JD,C0064,5,2,TOLUCA
B00162JD,C0064,5,2,TOLUCA
B00163JD,C0052,6,2,TOLUCA
B00164JD,C0073,4,3,TOLUCA
B00165JD,C0074,4,3,TOLUCA
B00166JD,C0074,4,3,TOLUCA
B00167JD,C0074,4,3,TOLUCA
B00168JD,C0082,4,1,TOLUCA
B00169JD,C0073,4,3,TOLUCA
B00170JD,C0080,4,1,TOLUCA
B00171JD,C0080,4,1,TOLUCA
B00172JD,C0080,4,1,TOLUCA
B00173JD,C0073,4,3,TOLUCA
B00174JD,C0074,4,3,TOLUCA
B00175JD,C0079,4,1,TOLUCA
B00176JD,C0080,4,1,TOLUCA
B00177JD,C0079,4,1,TOLUCA
B00178JD,C0021,10,1,TOLUCA
B00179JD,C0079,4,1,TOLUCA
B00180JD,C0079,4,1,TOLUCA
B00181JD,C0050,6,3,TOLUCA
B00182JD,C0050,6,3,TOLUCA
B00183JD,C0061,5,3,TOLUCA
B00184JD,C0070,5,1,TOLUCA
B00185JD,C0054,6,2,TOLUCA
B00186JD,C0064,5,2,TOLUCA
B00187JD,C0079,4,1,TOLUCA
B00188JD,C0019,10,1,TOLUCA
B00189JD,C0069,5,1,TOLUCA
B00190JD,C0069,5,1,TOLUCA
B00191JD,C0055,6,1,TOLUCA
B00192JD,C0076,4,2,TOLUCA
B00193JD,C0075,4,3,TOLUCA
B00194JD,C0075,4,3,TOLUCA
B00195JD,C0056,6,1,TOLUCA
B00196JD,C0075,4,3,TOLUCA
B00197JD,C0063,5,3,TOLUCA
B00198JD,C0055,6,1,TOLUCA
B00199JD,C0056,6,1,TOLUCA
B00200JD,C0056,6,1,TOLUCA
B00201JD,C0061,5,3,TOLUCA
B00202JD,C0061,5,3,TOLUCA
B00203JD,C0059,6,1,TOLUCA
B00204JD,C0052,6,2,TOLUCA
B00205JD,C0050,6,3,TOLUCA
B00206JD,C0052,6,2,TOLUCA
B00207JD,C0052,6,2,TOLUCA
B00208JD,C0061,5,3,TOLUCA
B00209JD,C0062,5,3,TOLUCA
B00210JD,C0021,10,1,TOLUCA
B00211JD,C0062,5,3,TOLUCA
B00212JD,C0053,6,2,TOLUCA
B00213JD,C0052,6,2,TOLUCA
B00214JD,C0081,4,1,TOLUCA
B00215JD,C0050,6,3,TOLUCA
B00216JD,C0068,5,1,TOLUCA
B00217JD,C0070,5,1,TOLUCA
B00218JD,C0054,6,2,TOLUCA
B00219JD,C0064,5,2,TOLUCA
B00220JD,C0061,5,3,TOLUCA
B00221JD,C0061,5,3,TOLUCA
B00222JD,C0024,10,1,TOLUCA
B00223JD,C0056,6,1,TOLUCA
B00224JD,C0053,6,2,TOLUCA
B00226JD,C0061,5,3,TOLUCA
B00227JD,C0053,6,2,TOLUCA
B00228JD,C0069,5,1,TOLUCA
B00229JD,C0031,9,1,TOLUCA
B00230JD,C0061,5,3,TOLUCA
B00231JD,C0052,6,2,TOLUCA
B00232JD,C0061,5,3,TOLUCA
B00233JD,C0053,6,2,TOLUCA
B00234JD,C0076,4,2,TOLUCA
B00235JD,C0063,5,3,TOLUCA
B00236JD,C0063,5,3,TOLUCA
B00237JD,C0053,6,2,TOLUCA
B00238JD,C0053,6,2,TOLUCA
B00239JD,C0091,2,1,TOLUCA
B00240JD,C0053,6,2,TOLUCA
B00241JD,C0053,6,2,TOLUCA
B00242JD,C0053,6,2,TOLUCA
B00243JD,C0053,6,2,TOLUCA
B00244JD,C0052,6,2,TOLUCA
B00245JD,C0077,4,2,TOLUCA
B00246JD,C0079,4,1,TOLUCA
B00247JD,C0052,6,2,TOLUCA
B00248JD,C0073,4,3,TOLUCA
B00249JD,C0089,2,2,TOLUCA
B00250JD,C0074,4,3,TOLUCA
B00251JD,C0071,5,1,TOLUCA
B00252JD,C0070,5,1,TOLUCA
B00253JD,C0052,6,2,TOLUCA
B00254JD,C0089,2,2,TOLUCA
B00255JD,C0089,2,2,TOLUCA
B00256JD,C0089,2,2,TOLUCA
B00257JD,C0052,6,2,TOLUCA
B00258JD,C0052,6,2,TOLUCA
B00259JD,C0070,5,1,TOLUCA
B00260JD,C0022,10,1,TOLUCA
B00261JD,C0052,6,2,TOLUCA
B00262JD,C0074,4,3,TOLUCA
B00263JD,C0052,6,2,TOLUCA
B00264JD,C0052,6,2,TOLUCA
B00265JD,C0052,6,2,TOLUCA
B00266JD,C0074,4,3,TOLUCA
B00267JD,C0073,4,3,TOLUCA
B00268JD,C0052,6,2,TOLUCA
B00269JD,C0053,6,2,TOLUCA
B00270JD,C0088,2,2,TOLUCA
B00271JD,C0089,2,2,TOLUCA
B00272JD,C0089,2,2,TOLUCA
B00273JD,C0022,10,1,TOLUCA
B00274JD,C0073,4,3,TOLUCA
B00275JD,C0089,2,2,TOLUCA
B00276JD,C0089,2,2,TOLUCA
B00277JD,C0079,4,1,TOLUCA
B00278JD,C0074,4,3,TOLUCA
B00279JD,C0089,2,2,TOLUCA
B00280JD,C0053,6,2,TOLUCA
B00281JD,C0073,4,3,TOLUCA
B00282JD,C0070,5,1,TOLUCA
B00283JD,C0046,7,1,TOLUCA
B00284JD,C0023,10,1,TOLUCA
B00285JD,C0073,4,3,TOLUCA
B00286JD,C0073,4,3,TOLUCA
B00287JD,C0023,10,1,TOLUCA
B00288JD,C0071,5,1,TOLUCA
B00289JD,C0071,5,1,TOLUCA
B00290JD,C0072,5,1,TOLUCA
B00291JD,C0075,4,3,TOLUCA
B00292JD,C0071,5,1,TOLUCA
B00293JD,C0072,5,1,TOLUCA
B00294JD,C0072,5,1,TOLUCA
B00295JD,C0071,5,1,TOLUCA
B00296JD,C0071,5,1,TOLUCA
B00297JD,C0072,5,1,TOLUCA
B00298JD,C0075,4,3,TOLUCA
B00299JD,C0076,4,2,TOLUCA
B00300JD,C0025,9,3,TOLUCA
B00301JD,C0046,7,1,TOLUCA
B00302JD,C0071,5,1,TOLUCA
B00303JD,C0046,7,1,TOLUCA
B00304JD,C0021,10,1,TOLUCA
B00305JD,C0072,5,1,TOLUCA
B00306JD,C0023,10,1,TOLUCA
B00307JD,C0075,4,3,TOLUCA
B00308JD,C0076,4,2,TOLUCA
B00309JD,C0077,4,2,TOLUCA
B00310JD,C0023,10,1,TOLUCA
B00311JD,C0079,4,1,TOLUCA
B00312JD,C0020,10,1,TOLUCA
B00313JD,C0065,5,2,TOLUCA
B00314JD,C0065,5,2,TOLUCA
B00315JD,C0046,7,1,TOLUCA
B00316JD,C0063,5,3,TOLUCA
B00317JD,C0071,5,1,TOLUCA
B00318JD,C0071,5,1,TOLUCA
B00319JD,C0023,10,1,TOLUCA
B00320JD,C0071,5,1,TOLUCA
B00321JD,C0079,4,1,TOLUCA
B00322JD,C0074,4,3,TOLUCA
B00323JD,C0073,4,3,TOLUCA
B00324JD,C0073,4,3,TOLUCA
B00325JD,C0053,6,2,TOLUCA
B00327JD,C0072,5,1,TOLUCA
B00328JD,C0079,4,1,TOLUCA
B00329JD,C0020,10,1,TOLUCA
B00330JD,C0080,4,1,TOLUCA
B00331JD,C0075,4,3,TOLUCA
B00332JD,C0075,4,3,TOLUCA
B00333JD,C0046,7,1,TOLUCA
B00334JD,C0075,4,3,TOLUCA
B00335JD,C0074,4,3,TOLUCA
B00336JD,C0075,4,3,TOLUCA
B00337JD,C0076,4,2,TOLUCA
B00338JD,C0076,4,2,TOLUCA
B00339JD,C0071,5,1,TOLUCA
B00340JD,C0071,5,1,TOLUCA
B00341JD,C0071,5,1,TOLUCA
B00342JD,C0074,4,3,TOLUCA
B00343JD,C0074,4,3,TOLUCA
B00344JD,C0070,5,1,TOLUCA
B00345JD,C0073,4,3,TOLUCA
B00346JD,C0075,4,3,TOLUCA
B00347JD,C0079,4,1,TOLUCA
B00348JD,C0071,5,1,TOLUCA
B00349JD,C0071,5,1,TOLUCA
B00350JD,C0071,5,1,TOLUCA
B00351JD,C0071,5,1,TOLUCA
B00352JD,C0073,4,3,TOLUCA
B00353JD,C0065,5,2,TOLUCA
B00354JD,C0065,5,2,TOLUCA
B00355JD,C0076,4,2,TOLUCA
B00356JD,C0076,4,2,TOLUCA
B00357JD,C0074,4,3,TOLUCA
B00358JD,C0021,10,1,TOLUCA
B00359JD,C0072,5,1,TOLUCA
B00360JD,C0022,10,1,TOLUCA
B00361JD,C0072,5,1,TOLUCA
B00362JD,C0072,5,1,TOLUCA
B00363JD,C0022,10,1,TOLUCA
B00364JD,C0072,5,1,TOLUCA
B00365JD,C0023,10,1,TOLUCA
B00366JD,C0020,10,1,TOLUCA
B00367JD,C0076,4,2,TOLUCA
B00368JD,C0022,10,1,TOLUCA
B00369JD,C0072,5,1,TOLUCA
B00370JD,C0072,5,1,TOLUCA
B00371JD,C0082,4,1,TOLUCA
B00372JD,C0073,4,3,TOLUCA
B00373JD,C0073,4,3,TOLUCA
B00374JD,C0074,4,3,TOLUCA
B00375JD,C0072,5,1,TOLUCA
B00376JD,C0068,5,1,TOLUCA
B00377JD,C0053,6,2,TOLUCA
B00378JD,C0068,5,1,TOLUCA
B00379JD,C0023,10,1,TOLUCA
B00381JD,C0071,5,1,TOLUCA
B00382JD,C0071,5,1,TOLUCA
B00384JD,C0082,4,1,TOLUCA
B00385JD,C0071,5,1,TOLUCA
B00386JD,C0071,5,1,TOLUCA
B00388JD,C0071,5,1,TOLUCA
B00389JD,C0071,5,1,TOLUCA
B00390JD,C0063,5,3,TOLUCA
B00392JD,C0079,4,1,TOLUCA
B00393JD,C0075,4,3,TOLUCA
B00394JD,C0074,4,3,TOLUCA
B00395JD,C0071,5,1,TOLUCA
B00396JD,C0075,4,3,TOLUCA
B00397JD,C0075,4,3,TOLUCA
B00398JD,C0077,4,2,TOLUCA
B00399JD,C0071,5,1,TOLUCA
B00560JD,C0020,10,1,TOLUCA
B00561JD,C0068,5,1,TOLUCA
B00562JD,C0067,5,1,TOLUCA
B00563JD,C0022,10,1,TOLUCA
B00564JD,C0069,5,1,TOLUCA
B00565JD,C0064,5,2,TOLUCA
B00566JD,C0058,6,1,TOLUCA
B00567JD,C0054,6,2,TOLUCA
B00568JD,C0053,6,2,TOLUCA
B00569JD,C0061,5,3,TOLUCA
B00570JD,C0076,4,2,TOLUCA
B00571JD,C0063,5,3,TOLUCA
B00572JD,C0063,5,3,TOLUCA
B00573JD,C0018,10,2,TOLUCA
B00574JD,C0023,10,1,TOLUCA
B00575JD,C0058,6,1,TOLUCA
B00576JD,C0069,5,1,TOLUCA
B00577JD,C0069,5,1,TOLUCA
B00578JD,C0069,5,1,TOLUCA
B00579JD,C0069,5,1,TOLUCA
B00580JD,C0068,5,1,TOLUCA
B00581JD,C0068,5,1,TOLUCA
B00582JD,C0018,10,2,TOLUCA
B00583JD,C0068,5,1,TOLUCA
B00584JD,C0068,5,1,TOLUCA
B00585JD,C0089,2,2,TOLUCA
B00586JD,C0058,6,1,TOLUCA
B00587JD,C0064,5,2,TOLUCA
B00588JD,C0017,10,2,TOLUCA
B00589JD,C0050,6,3,TOLUCA
B00590JD,C0050,6,3,TOLUCA
B00591JD,C0023,10,1,TOLUCA
B00592JD,C0022,10,1,TOLUCA
B00593JD,C0050,6,3,TOLUCA
B00594JD,C0058,6,1,TOLUCA
B00595JD,C0052,6,2,TOLUCA
B00596JD,C0046,7,1,TOLUCA
B00597JD,C0058,6,1,TOLUCA
B00598JD,C0020,10,1,TOLUCA
B00599JD,C0020,10,1,TOLUCA
B00600JD,C0058,6,1,TOLUCA
B00601JD,C0053,6,2,TOLUCA
B00602JD,C0055,6,1,TOLUCA
B00603JD,C0061,5,3,TOLUCA
B00604JD,C0062,5,3,TOLUCA
B00605JD,C0061,5,3,TOLUCA
B00606JD,C0069,5,1,TOLUCA
B00607JD,C0069,5,1,TOLUCA
B00608JD,C0069,5,1,TOLUCA
B00609JD,C0069,5,1,TOLUCA
B00610JD,C0018,10,2,TOLUCA
B00611JD,C0069,5,1,TOLUCA
B00612JD,C0076,4,2,TOLUCA
B00613JD,C0076,4,2,TOLUCA
B00614JD,C0064,5,2,TOLUCA
B00615JD,C0063,5,3,TOLUCA
B00616JD,C0065,5,2,TOLUCA
B00617JD,C0069,5,1,TOLUCA
B00618JD,C0069,5,1,TOLUCA
B00619JD,C0069,5,1,TOLUCA
B00620JD,C0020,10,1,TOLUCA
B00621JD,C0067,5,1,TOLUCA
B00622JD,C0067,5,1,TOLUCA
B00623JD,C0067,5,1,TOLUCA
B00624JD,C0067,5,1,TOLUCA
B00625JD,C0067,5,1,TOLUCA
B00626JD,C0064,5,2,TOLUCA
B00627JD,C0064,5,2,TOLUCA
B00628JD,C0021,10,1,TOLUCA
B00629JD,C0068,5,1,TOLUCA
B00630JD,C0068,5,1,TOLUCA
B00631JD,C0068,5,1,TOLUCA
B00632JD,C0070,5,1,TOLUCA
B00633JD,C0067,5,1,TOLUCA
B00634JD,C0067,5,1,TOLUCA
B00635JD,C0067,5,1,TOLUCA
B00636JD,C0067,5,1,TOLUCA
B00637JD,C0055,6,1,TOLUCA
B00638JD,C0056,6,1,TOLUCA
B00639JD,C0070,5,1,TOLUCA
B00640JD,C0068,5,1,TOLUCA
B00641JD,C0020,10,1,TOLUCA
B00642JD,C0070,5,1,TOLUCA
B00643JD,C0055,6,1,TOLUCA
B00644JD,C0055,6,1,TOLUCA
B00645JD,C0075,4,3,TOLUCA
B00646JD,C0064,5,2,TOLUCA
B00647JD,C0064,5,2,TOLUCA
B00648JD,C0055,6,1,TOLUCA
B00649JD,C0055,6,1,TOLUCA
B00650JD,C0026,9,3,TOLUCA
B00651JD,C0025,9,3,TOLUCA
B00652JD,C0046,7,1,TOLUCA
B00653JD,C0026,9,3,TOLUCA
B00654JD,C0025,9,3,TOLUCA
B00655JD,C0038,7,3,TOLUCA
B00656JD,C0021,10,1,TOLUCA
B00657JD,C0082,4,1,TOLUCA
B00658JD,C0038,7,3,TOLUCA
B00659JD,C0031,9,1,TOLUCA
B00660JD,C0031,9,1,TOLUCA
B00661JD,C0018,10,2,TOLUCA
B00662JD,C0037,7,3,TOLUCA
B00663JD,C0037,7,3,TOLUCA
B00664JD,C0031,9,1,TOLUCA
B00665JD,C0031,9,1,TOLUCA
B00666JD,C0031,9,1,TOLUCA
B00667JD,C0063,5,3,TOLUCA
B00668JD,C0018,10,2,TOLUCA
B00669JD,C0075,4,3,TOLUCA
B00670JD,C0031,9,1,TOLUCA
B00671JD,C0058,6,1,TOLUCA
B00672JD,C0070,5,1,TOLUCA
B00673JD,C0046,7,1,TOLUCA
B00674JD,C0068,5,1,TOLUCA
B00675JD,C0070,5,1,TOLUCA
B00676JD,C0054,6,2,TOLUCA
B00677JD,C0038,7,3,TOLUCA
B00678JD,C0069,5,1,TOLUCA
B00679JD,C0068,5,1,TOLUCA
B00680JD,C0040,7,2,TOLUCA
B00681JD,C0052,6,2,TOLUCA
B00682JD,C0052,6,2,TOLUCA
B00683JD,C0050,6,3,TOLUCA
B00684JD,C0053,6,2,TOLUCA
B00685JD,C0076,4,2,TOLUCA
B00686JD,C0075,4,3,TOLUCA
B00687JD,C0064,5,2,TOLUCA
B00688JD,C0065,5,2,TOLUCA
B00689JD,C0067,5,1,TOLUCA
B00690JD,C0077,4,2,TOLUCA
B00691JD,C0053,6,2,TOLUCA
B00692JD,C0064,5,2,TOLUCA
B00693JD,C0064,5,2,TOLUCA
B00694JD,C0070,5,1,TOLUCA
B00695JD,C0018,10,2,TOLUCA
B00696JD,C0068,5,1,TOLUCA
B00697JD,C0068,5,1,TOLUCA
B00698JD,C0068,5,1,TOLUCA
B00699JD,C0067,5,1,TOLUCA
B00700JD,C0070,5,1,TOLUCA
B00701JD,C0070,5,1,TOLUCA
B00702JD,C0070,5,1,TOLUCA
B00703JD,C0068,5,1,TOLUCA
B00704JD,C0091,2,1,TOLUCA
B00705JD,C0023,10,1,TOLUCA
B00706JD,C0020,10,1,TOLUCA
B00707JD,C0069,5,1,TOLUCA
B00708JD,C0069,5,1,TOLUCA
B00709JD,C0069,5,1,TOLUCA
B00710JD,C0069,5,1,TOLUCA
B00711JD,C0056,6,1,TOLUCA
B00712JD,C0067,5,1,TOLUCA
B00713JD,C0067,5,1,TOLUCA
B00714JD,C0067,5,1,TOLUCA
B00715JD,C0058,6,1,TOLUCA
B00716JD,C0061,5,3,TOLUCA
B00717JD,C0061,5,3,TOLUCA
B00718JD,C0020,10,1,TOLUCA
B00719JD,C0061,5,3,TOLUCA
B00720JD,C0053,6,2,TOLUCA
B00721JD,C0060,6,1,TOLUCA
B00722JD,C0038,7,3,TOLUCA
B00723JD,C0023,10,1,TOLUCA
B00724JD,C0050,6,3,TOLUCA
B00725JD,C0064,5,2,TOLUCA
B00726JD,C0017,10,2,TOLUCA
B00727JD,C0063,5,3,TOLUCA
B00728JD,C0075,4,3,TOLUCA
B00729JD,C0052,6,2,TOLUCA
B00730JD,C0038,7,3,TOLUCA
B00731JD,C0036,9,1,TOLUCA
B00732JD,C0038,7,3,TOLUCA
B00733JD,C0038,7,3,TOLUCA
B00734JD,C0038,7,3,TOLUCA
B00735JD,C0081,4,1,TOLUCA
B00736JD,C0039,7,3,TOLUCA
B00737JD,C0021,10,1,TOLUCA
B00738JD,C0025,9,3,TOLUCA
B00739JD,C0020,10,1,TOLUCA
B00740JD,C0039,7,3,TOLUCA
B00741JD,C0024,10,1,TOLUCA
B00742JD,C0037,7,3,TOLUCA
B00743JD,C0038,7,3,TOLUCA
B00744JD,C0023,10,1,TOLUCA
B00745JD,C0039,7,3,TOLUCA
B00746JD,C0026,9,3,TOLUCA
B00747JD,C0091,2,1,TOLUCA
B00748JD,C0026,9,3,TOLUCA
B00749JD,C0039,7,3,TOLUCA
B00750JD,C0040,7,2,TOLUCA
B00751JD,C0039,7,3,TOLUCA
B00752JD,C0028,9,2,TOLUCA
B00753JD,C0018,10,2,TOLUCA
B00754JD,C0023,10,1,TOLUCA
B00755JD,C0026,9,3,TOLUCA
B00756JD,C0027,9,3,TOLUCA
B00757JD,C0021,10,1,TOLUCA
B00758JD,C0025,9,3,TOLUCA
B00759JD,C0025,9,3,TOLUCA
B00760JD,C0025,9,3,TOLUCA
B00761JD,C0026,9,3,TOLUCA
B00762JD,C0028,9,3,TOLUCA
B00763JD,C0021,10,1,TOLUCA
B00764JD,C0021,10,1,TOLUCA
B00765JD,C0028,9,3,TOLUCA
B00766JD,C0027,9,3,TOLUCA
B00767JD,C0026,9,3,TOLUCA
B00768JD,C0026,9,3,TOLUCA
B00769JD,C0077,4,2,TOLUCA
B00770JD,C0021,10,1,TOLUCA
B00771JD,C0074,4,3,TOLUCA
B00772JD,C0074,4,3,TOLUCA
B00773JD,C0063,5,3,TOLUCA
B00774JD,C0074,4,3,TOLUCA
B00775JD,C0020,10,1,TOLUCA
B00776JD,C0026,9,3,TOLUCA
B00777JD,C0023,10,1,TOLUCA
B00778JD,C0025,9,3,TOLUCA
B00779JD,C0026,9,3,TOLUCA
B00780JD,C0039,7,3,TOLUCA
B00781JD,C0020,10,1,TOLUCA
B00782JD,C0039,7,3,TOLUCA
B00783JD,C0029,9,2,TOLUCA
B00784JD,C0025,9,3,TOLUCA
B00785JD,C0039,7,3,TOLUCA
B00786JD,C0039,7,3,TOLUCA
B00787JD,C0026,9,3,TOLUCA
B00788JD,C0023,10,1,TOLUCA
B00789JD,C0037,7,3,TOLUCA
B00790JD,C0081,4,1,TOLUCA
B00791JD,C0035,9,1,TOLUCA
B00792JD,C0036,9,1,TOLUCA
B00793JD,C0037,7,3,TOLUCA
B00794JD,C0020,10,1,TOLUCA
B00795JD,C0026,9,3,TOLUCA
B00796JD,C0028,9,2,TOLUCA
B00797JD,C0026,9,3,TOLUCA
B00798JD,C0063,5,3,TOLUCA
B00799JD,C0065,5,2,TOLUCA
B00800JD,C0091,2,1,TOLUCA
B00801JD,C0026,9,3,TOLUCA
B00802JD,C0026,9,3,TOLUCA
B00803JD,C0089,2,2,TOLUCA
B00804JD,C0026,9,3,TOLUCA
B00805JD,C0026,9,3,TOLUCA
B00806JD,C0025,9,3,TOLUCA
B00807JD,C0038,7,3,TOLUCA
B00808JD,C0038,7,3,TOLUCA
B00809JD,C0039,7,3,TOLUCA
B00810JD,C0020,10,1,TOLUCA
B00811JD,C0039,7,3,TOLUCA
B00812JD,C0038,7,3,TOLUCA
B00813JD,C0038,7,3,TOLUCA
B00814JD,C0036,9,1,TOLUCA
B00815JD,C0036,9,1,TOLUCA
B00816JD,C0035,9,1,TOLUCA
B00817JD,C0037,7,3,TOLUCA
B00818JD,C0037,7,3,TOLUCA
B00819JD,C0026,9,3,TOLUCA
B00820JD,C0026,9,3,TOLUCA
B00821JD,C0074,4,3,TOLUCA
B00822JD,C0023,10,1,TOLUCA
B00823JD,C0079,4,1,TOLUCA
B00824JD,C0091,2,1,TOLUCA
B00825JD,C0076,4,2,TOLUCA
B00826JD,C0035,9,1,TOLUCA
B00827JD,C0022,10,1,TOLUCA
B00828JD,C0023,10,1,TOLUCA
B00829JD,C0064,5,2,TOLUCA
B00830JD,C0076,4,2,TOLUCA
B00831JD,C0063,5,3,TOLUCA
B00832JD,C0023,10,1,TOLUCA
B00833JD,C0046,7,1,TOLUCA
B00834JD,C0022,10,1,TOLUCA
B00835JD,C0067,5,1,TOLUCA
B00836JD,C0063,5,3,TOLUCA
B00837JD,C0065,5,2,TOLUCA
B00838JD,C0064,5,2,TOLUCA
B00839JD,C0065,5,2,TOLUCA
B00840JD,C0063,5,3,TOLUCA
B00841JD,C0063,5,3,TOLUCA
B00842JD,C0076,4,2,TOLUCA
B00843JD,C0091,2,1,TOLUCA
B00844JD,C0065,5,2,TOLUCA
B00845JD,C0063,5,3,TOLUCA
B00846JD,C0076,4,2,TOLUCA
B00847JD,C0077,4,2,TOLUCA
B00848JD,C0065,5,2,TOLUCA
B00849JD,C0065,5,2,TOLUCA
B00850JD,C0063,5,3,TOLUCA
B00851JD,C0082,4,1,TOLUCA
B00852JD,C0064,5,2,TOLUCA
B00853JD,C0064,5,2,TOLUCA
B00854JD,C0022,10,1,TOLUCA
B00855JD,C0065,5,2,TOLUCA
B00856JD,C0065,5,2,TOLUCA
B00857JD,C0067,5,1,TOLUCA
B00858JD,C0065,5,2,TOLUCA
B00859JD,C0065,5,2,TOLUCA
B01004JD,C0018,10,2,TOLUCA
B01016JD,C0076,4,2,TOLUCA
B01017JD,C0046,7,1,TOLUCA
B01018JD,C0076,4,2,TOLUCA
B01019JD,C0075,4,3,TOLUCA
B01020JD,C0022,10,1,TOLUCA
B01021JD,C0079,4,1,TOLUCA
B01022JD,C0065,5,2,TOLUCA
B01023JD,C0065,5,2,TOLUCA
B01024JD,C0075,4,3,TOLUCA
B01025JD,C0065,5,2,TOLUCA
B01026JD,C0065,5,2,TOLUCA
B01027JD,C0089,2,2,TOLUCA
B01028JD,C0089,2,2,TOLUCA
B01029JD,C0089,2,2,TOLUCA
B01030JD,C0089,2,2,TOLUCA
B01031JD,C0082,4,1,TOLUCA
B01032JD,C0082,4,1,TOLUCA
B01033JD,C0082,4,1,TOLUCA
B01034JD,C0066,5,2,TOLUCA
B01035JD,C0063,5,3,TOLUCA
B01036JD,C0076,4,2,TOLUCA
B01037JD,C0089,2,2,TOLUCA
B01038JD,C0089,2,2,TOLUCA
B01039JD,C0089,2,2,TOLUCA
B01040JD,C0088,2,2,TOLUCA
B01041JD,C0088,2,2,TOLUCA
B01042JD,C0088,2,2,TOLUCA
B01043JD,C0088,2,2,TOLUCA
B01044JD,C0088,2,2,TOLUCA
B01045JD,C0088,2,2,TOLUCA
B01046JD,C0082,4,1,TOLUCA
B01047JD,C0082,4,1,TOLUCA
B01048JD,C0021,10,1,TOLUCA
B01049JD,C0088,2,2,TOLUCA
B01050JD,C0077,4,2,TOLUCA
B01051JD,C0082,4,1,TOLUCA
B01052JD,C0078,4,2,TOLUCA
B01053JD,C0082,4,1,TOLUCA
B01056JD,C0021,10,1,TOLUCA
B01075JD,C0041,7,2,TOLUCA
B01089JD,C0047,7,1,TOLUCA
B01090JD,C0047,7,1,TOLUCA
B01091JD,C0047,7,1,TOLUCA
B01092JD,C0046,7,1,TOLUCA
B01093JD,C0046,7,1,TOLUCA
B01094JD,C0046,7,1,TOLUCA
B01095JD,C0046,7,1,TOLUCA
B01096JD,C0046,7,1,TOLUCA
B01097JD,C0046,7,1,TOLUCA
"CE 011JK",C0092,2,1,TOLUCA
CLN008JA,C0092,2,1,TOLUCA
CLN009JA,C0095,2,1,TOLUCA
CLN010JA,C0092,2,1,TOLUCA
CLN011JA,C0095,2,1,TOLUCA
CLN013JA,C0092,2,1,TOLUCA
CLN014JA,C0092,2,1,TOLUCA
CLN015JA,C0092,2,1,TOLUCA
CLN017JA,C0029,9,2,TOLUCA
CLN018JA,C0095,2,1,TOLUCA
CLN019JA,C0095,2,1,TOLUCA
CLN058JA,C0095,2,1,TOLUCA
CLN070JA,C0092,2,1,TOLUCA
CLN072JA,C0092,2,1,TOLUCA
CLN073JA,C0092,2,1,TOLUCA
CLN074JA,C0092,2,1,TOLUCA
CLN075JA,C0092,2,1,TOLUCA
CLN076JA,C0092,2,1,TOLUCA
CLN077JA,C0095,2,1,TOLUCA
CLN078JA,C0092,2,1,TOLUCA
CLN079JA,C0092,2,1,TOLUCA
CLN080JA,C0092,2,1,TOLUCA
CLN081JA,C0092,2,1,TOLUCA
CLN082JA,C0092,2,1,TOLUCA
CLN083JA,C0092,2,1,TOLUCA
CLN085JA,C0092,2,1,TOLUCA
CLN086JA,C0095,2,1,TOLUCA
CLN087JA,C0095,2,1,TOLUCA
CLN088JA,C0095,2,1,TOLUCA
CLN089JA,C0092,2,1,TOLUCA
CLN090JA,C0092,2,1,TOLUCA
CLN091JA,C0092,2,1,TOLUCA
CLN093JA,C0092,2,1,TOLUCA
CLN094JA,C0092,2,1,TOLUCA
CLN095JA,C0092,2,1,TOLUCA
CLN098JA,C0095,2,1,TOLUCA
CLN771JA,C0092,2,1,TOLUCA
E00000JD,C0040,7,2,TOLUCA
E00006JD,C0040,7,2,TOLUCA
E00007JD,C0040,7,2,TOLUCA
E00008JD,C0040,7,2,TOLUCA
E00009JD,C0041,7,2,TOLUCA
E00010JD,C0042,7,2,TOLUCA
E00011JD,C0042,7,2,TOLUCA
E00012JD,C0040,7,2,TOLUCA
E00013JD,C0040,7,2,TOLUCA
E00014JD,C0020,10,1,TOLUCA
E00015JD,C0083,4,1,TOLUCA
E00016JD,C0018,10,2,TOLUCA
E00017JD,C0083,4,1,TOLUCA
E00171JD,C0080,4,1,TOLUCA
E00174JD,C0080,4,1,TOLUCA
E00446JD,C0021,10,1,TOLUCA
E00479JD,C0062,5,3,TOLUCA
E00480JD,C0062,5,3,TOLUCA
E00481JD,C0072,5,1,TOLUCA
E00527JD,C0021,10,1,TOLUCA
E00528JD,C0074,4,3,TOLUCA
E00531JD,C0066,5,2,TOLUCA
E00534JD,C0070,5,1,TOLUCA
E00535JD,C0066,5,2,TOLUCA
E00536JD,C0089,2,2,TOLUCA
E00537JD,C0066,5,2,TOLUCA
E00538JD,C0070,5,1,TOLUCA
E00539JD,C0074,4,3,TOLUCA
E00540JD,C0062,5,3,TOLUCA
E00541JD,C0066,5,2,TOLUCA
E00542JD,C0066,5,2,TOLUCA
E00558JD,C0068,5,1,TOLUCA
E00559JD,C0068,5,1,TOLUCA
E00560JD,C0068,5,1,TOLUCA
E00561JD,C0066,5,2,TOLUCA
E00562JD,C0066,5,2,TOLUCA
E00563JD,C0070,5,1,TOLUCA
E00564JD,C0059,6,1,TOLUCA
E00565JD,C0064,5,2,TOLUCA
E00566JD,C0070,5,1,TOLUCA
E00567JD,C0053,6,2,TOLUCA
E00568JD,C0059,6,1,TOLUCA
E00569JD,C0018,10,2,TOLUCA
E00570JD,C0062,5,3,TOLUCA
E00571JD,C0063,5,3,TOLUCA
E00572JD,C0065,5,2,TOLUCA
E00573JD,C0062,5,3,TOLUCA
E00574JD,C0062,5,3,TOLUCA
E00639JD,C0055,6,1,TOLUCA
E00640JD,C0070,5,1,TOLUCA
E00641JD,C0082,4,1,TOLUCA
E00642JD,C0055,6,1,TOLUCA
E00643JD,C0055,6,1,TOLUCA
E00644JD,C0070,5,1,TOLUCA
E00645JD,C0066,5,2,TOLUCA
E00646JD,C0075,4,3,TOLUCA
E00647JD,C0023,10,1,TOLUCA
E00648JD,C0070,5,1,TOLUCA
E00649JD,C0024,10,1,TOLUCA
E00650JD,C0024,10,1,TOLUCA
E00651JD,C0038,7,3,TOLUCA
E00652JD,C0026,9,3,TOLUCA
E00653JD,C0024,10,1,TOLUCA
E00654JD,C0024,10,1,TOLUCA
E00655JD,C0024,10,1,TOLUCA
E00656JD,C0036,9,1,TOLUCA
E00657JD,C0036,9,1,TOLUCA
E00658JD,C0031,9,1,TOLUCA
E00659JD,C0018,10,2,TOLUCA
E00660JD,C0031,9,1,TOLUCA
E00661JD,C0031,9,1,TOLUCA
E00662JD,C0024,10,1,TOLUCA
E00663JD,C0036,9,1,TOLUCA
E00664JD,C0030,9,2,TOLUCA
E00665JD,C0031,9,1,TOLUCA
E00666JD,C0020,10,1,TOLUCA
E00667JD,C0062,5,3,TOLUCA
E00668JD,C0074,4,3,TOLUCA
E00669JD,C0031,9,1,TOLUCA
E00670JD,C0063,5,3,TOLUCA
E00671JD,C0062,5,3,TOLUCA
E00672JD,C0054,6,2,TOLUCA
E00673JD,C0070,5,1,TOLUCA
E00674JD,C0038,7,3,TOLUCA
E00675JD,C0038,7,3,TOLUCA
E00676JD,C0039,7,3,TOLUCA
E00677JD,C0038,7,3,TOLUCA
E00678JD,C0038,7,3,TOLUCA
E00679JD,C0039,7,3,TOLUCA
E00680JD,C0062,5,3,TOLUCA
E00681JD,C0052,6,2,TOLUCA
E00682JD,C0024,10,1,TOLUCA
E00683JD,C0039,7,3,TOLUCA
E00684JD,C0054,6,2,TOLUCA
E00718JD,C0042,7,2,TOLUCA
E00719JD,C0038,7,3,TOLUCA
E00720JD,C0042,7,2,TOLUCA
E00721JD,C0042,7,2,TOLUCA
E00722JD,C0062,5,3,TOLUCA
E00723JD,C0062,5,3,TOLUCA
E00724JD,C0042,7,2,TOLUCA
E00725JD,C0080,4,1,TOLUCA
E00726JD,C0042,7,2,TOLUCA
E00727JD,C0077,4,2,TOLUCA
E00784JD,C0024,10,1,TOLUCA
E00785JD,C0039,7,3,TOLUCA
E00786JD,C0025,9,3,TOLUCA
E00787JD,C0024,10,1,TOLUCA
E00788JD,C0038,7,3,TOLUCA
E00789JD,C0036,9,1,TOLUCA
E00790JD,C0038,7,3,TOLUCA
E00791JD,C0035,9,1,TOLUCA
E00792JD,C0036,9,1,TOLUCA
E00794JD,C0036,9,1,TOLUCA
E00795JD,C0024,10,1,TOLUCA
E00796JD,C0025,9,3,TOLUCA
E00797JD,C0027,9,3,TOLUCA
E00798JD,C0066,5,2,TOLUCA
E00799JD,C0062,5,3,TOLUCA
E00800JD,C0066,5,2,TOLUCA
E00801JD,C0025,9,3,TOLUCA
E00802JD,C0027,9,3,TOLUCA
E00803JD,C0025,9,3,TOLUCA
E00804JD,C0025,9,3,TOLUCA
E00805JD,C0025,9,3,TOLUCA
E00807JD,C0027,9,3,TOLUCA
E00809JD,C0038,7,3,TOLUCA
E00810JD,C0039,7,3,TOLUCA
E00811JD,C0038,7,3,TOLUCA
E00815JD,C0036,9,1,TOLUCA
E00816JD,C0035,9,1,TOLUCA
E00821JD,C0035,9,1,TOLUCA
E00822JD,C0077,4,2,TOLUCA
E00823JD,C0077,4,2,TOLUCA
E00824JD,C0020,10,1,TOLUCA
E00825JD,C0035,9,1,TOLUCA
E00826JD,C0035,9,1,TOLUCA
E00827JD,C0091,2,1,TOLUCA
E00828JD,C0080,4,1,TOLUCA
E00829JD,C0066,5,2,TOLUCA
E00830JD,C0059,6,1,TOLUCA
E00831JD,C0077,4,2,TOLUCA
E00832JD,C0059,6,1,TOLUCA
E00833JD,C0055,6,1,TOLUCA
E00834JD,C0055,6,1,TOLUCA
E00835JD,C0059,6,1,TOLUCA
E00836JD,C0059,6,1,TOLUCA
E00837JD,C0059,6,1,TOLUCA
E00838JD,C0059,6,1,TOLUCA
E00839JD,C0059,6,1,TOLUCA
E00840JD,C0059,6,1,TOLUCA
E00841JD,C0075,4,3,TOLUCA
E00842JD,C0066,5,2,TOLUCA
E00843JD,C0047,7,1,TOLUCA
E00844JD,C0062,5,3,TOLUCA
E00845JD,C0075,4,3,TOLUCA
E00846JD,C0077,4,2,TOLUCA
E00847JD,C0063,5,3,TOLUCA
E00848JD,C0066,5,2,TOLUCA
E00849JD,C0074,4,3,TOLUCA
E00850JD,C0091,2,1,TOLUCA
E00851JD,C0074,4,3,TOLUCA
E00852JD,C0077,4,2,TOLUCA
E00853JD,C0077,4,2,TOLUCA
E00854JD,C0066,5,2,TOLUCA
E00855JD,C0066,5,2,TOLUCA
E00856JD,C0066,5,2,TOLUCA
E00857JD,C0066,5,2,TOLUCA
E00858JD,C0066,5,2,TOLUCA
E00859JD,C0065,5,2,TOLUCA
E00870JD,C0065,5,2,TOLUCA
E00871JD,C0065,5,2,TOLUCA
E00872JD,C0066,5,2,TOLUCA
E00873JD,C0062,5,3,TOLUCA
E00877JD,C0021,10,1,TOLUCA
E00888JD,C0062,5,3,TOLUCA
E00890JD,C0062,5,3,TOLUCA
E00891JD,C0062,5,3,TOLUCA
E00892JD,C0062,5,3,TOLUCA
E00893JD,C0066,5,2,TOLUCA
E00894JD,C0080,4,1,TOLUCA
E00895JD,C0077,4,2,TOLUCA
E00896JD,C0077,4,2,TOLUCA
E00897JD,C0066,5,2,TOLUCA
E00898JD,C0066,5,2,TOLUCA
E00899JD,C0066,5,2,TOLUCA
E00900JD,C0066,5,2,TOLUCA
E00901JD,C0077,4,2,TOLUCA
E00902JD,C0077,4,2,TOLUCA
E00903JD,C0075,4,3,TOLUCA
E00904JD,C0075,4,3,TOLUCA
E00905JD,C0077,4,2,TOLUCA
E00906JD,C0042,7,2,TOLUCA
E00907JD,C0043,7,1,TOLUCA
E00908JD,C0077,4,2,TOLUCA
E00909JD,C0074,4,3,TOLUCA
E00910JD,C0077,4,2,TOLUCA
E00911JD,C0043,7,1,TOLUCA
E00912JD,C0043,7,1,TOLUCA
E00913JD,C0077,4,2,TOLUCA
E00918JD,C0059,6,1,TOLUCA
E00919JD,C0059,6,1,TOLUCA
E00920JD,C0059,6,1,TOLUCA
E00937JD,C0059,6,1,TOLUCA
E00939JD,C0059,6,1,TOLUCA
E00941JD,C0078,4,2,TOLUCA
E01040JD,C0041,7,2,TOLUCA
E01041JD,C0082,4,1,TOLUCA
E01042JD,C0082,4,1,TOLUCA
E01043JD,C0082,4,1,TOLUCA
E01044JD,C0082,4,1,TOLUCA
E01045JD,C0041,7,2,TOLUCA
E01046JD,C0075,4,3,TOLUCA
E01047JD,C0037,7,3,TOLUCA
E01048JD,C0082,4,1,TOLUCA
E01049JD,C0066,5,2,TOLUCA
E01050JD,C0063,5,3,TOLUCA
E01051JD,C0082,4,1,TOLUCA
E01052JD,C0019,10,1,TOLUCA
E01053JD,C0019,10,1,TOLUCA
E01054JD,C0019,10,1,TOLUCA
E01055JD,C0021,10,1,TOLUCA
E01056JD,C0019,10,1,TOLUCA
E01057JD,C0020,10,1,TOLUCA
E01058JD,C0019,10,1,TOLUCA
E01059JD,C0021,10,1,TOLUCA
E01060JD,C0021,10,1,TOLUCA
E01061JD,C0041,7,2,TOLUCA
E01062JD,C0041,7,2,TOLUCA
E01063JD,C0041,7,2,TOLUCA
E01064JD,C0041,7,2,TOLUCA
E01065JD,C0041,7,2,TOLUCA
E01066JD,C0018,10,2,TOLUCA
E01067JD,C0017,10,2,TOLUCA
E01068JD,C0041,7,2,TOLUCA
E01069JD,C0041,7,2,TOLUCA
E01070JD,C0041,7,2,TOLUCA
E01071JD,C0041,7,2,TOLUCA
E01072JD,C0041,7,2,TOLUCA
E01073JD,C0041,7,2,TOLUCA
E01074JD,C0082,4,1,TOLUCA
E01075JD,C0083,4,1,TOLUCA
E01076JD,C0082,4,1,TOLUCA
E01077JD,C0080,4,1,TOLUCA
E01078JD,C0080,4,1,TOLUCA
E01079JD,C0018,10,2,TOLUCA
E01080JD,C0083,4,1,TOLUCA
E01081JD,C0047,7,1,TOLUCA
E01082JD,C0082,4,1,TOLUCA
E01083JD,C0080,4,1,TOLUCA
E01084JD,C0083,4,1,TOLUCA
E01085JD,C0022,10,1,TOLUCA
E01086JD,C0047,7,1,TOLUCA
E01087JD,C0074,4,3,TOLUCA
E01088JD,C0083,4,1,TOLUCA
E01089JD,C0047,7,1,TOLUCA
E01090JD,C0022,10,1,TOLUCA
E01091JD,C0019,10,1,TOLUCA
E01092JD,C0018,10,2,TOLUCA
E01093JD,C0018,10,2,TOLUCA
E01094JD,C0047,7,1,TOLUCA
E01095JD,C0022,10,1,TOLUCA
E01096JD,C0080,4,1,TOLUCA
E01097JD,C0047,7,1,TOLUCA
E01098JD,C0018,10,2,TOLUCA
E01099JD,C0083,4,1,TOLUCA
E01100JD,C0083,4,1,TOLUCA
E01101JD,C0047,7,1,TOLUCA
E01102JD,C0080,4,1,TOLUCA
E01103JD,C0022,10,1,TOLUCA
E01104JD,C0017,10,2,TOLUCA
E01105JD,C0047,7,1,TOLUCA
E01106JD,C0047,7,1,TOLUCA
E01107JD,C0082,4,1,TOLUCA
E01108JD,C0022,10,1,TOLUCA
E01109JD,C0018,10,2,TOLUCA
E01110JD,C0022,10,1,TOLUCA
E01111JD,C0022,10,1,TOLUCA
E01112JD,C0082,4,1,TOLUCA
E01113JD,C0080,4,1,TOLUCA
E01114JD,C0022,10,1,TOLUCA
E01115JD,C0083,4,1,TOLUCA
E01116JD,C0083,4,1,TOLUCA
E01117JD,C0083,4,1,TOLUCA
E01118JD,C0080,4,1,TOLUCA
E01119JD,C0018,10,2,TOLUCA
T00000JD,C0017,10,2,TOLUCA
T00001JD,C0017,10,2,TOLUCA
T00002JD,C0062,5,3,TOLUCA
T00003JD,C0052,6,2,TOLUCA
T00004JD,C0017,10,2,TOLUCA
T00005JD,C0017,10,2,TOLUCA
T00006JD,C0059,6,1,TOLUCA
T00007JD,C0017,10,2,TOLUCA
T00008JD,C0019,10,1,TOLUCA
T00009JD,C0019,10,1,TOLUCA
T00010JD,C0059,6,1,TOLUCA
T00011JD,C0017,10,2,TOLUCA
T00012JD,C0059,6,1,TOLUCA
T00013JD,C0017,10,2,TOLUCA
T00014JD,C0017,10,2,TOLUCA
T00015JD,C0017,10,2,TOLUCA
T00016JD,C0019,10,1,TOLUCA
T00017JD,C0019,10,1,TOLUCA
T00018JD,C0017,10,2,TOLUCA
T00019JD,C0017,10,2,TOLUCA
T00020JD,C0062,5,3,TOLUCA
T00021JD,C0018,10,2,TOLUCA
T00022JD,C0042,7,2,TOLUCA
T00023JD,C0052,6,2,TOLUCA
T00024JD,C0042,7,2,TOLUCA
T00025JD,C0042,7,2,TOLUCA
T00026JD,C0042,7,2,TOLUCA
T00027JD,C0063,5,3,TOLUCA
T00028JD,C0042,7,2,TOLUCA
T00029JD,C0042,7,2,TOLUCA
T00030JD,C0042,7,2,TOLUCA
T00031JD,C0042,7,2,TOLUCA
T00032JD,C0042,7,2,TOLUCA
T00033JD,C0056,6,1,TOLUCA
T00034JD,C0019,10,1,TOLUCA
T00035JD,C0052,6,2,TOLUCA
T00036JD,C0019,10,1,TOLUCA
T00037JD,C0019,10,1,TOLUCA
T00038JD,C0019,10,1,TOLUCA
T00039JD,C0019,10,1,TOLUCA
